FOOD,REFUSE (%),WATER (g),ENERGY (Kcal),PROTEIN (g),FAT (g),ASH (g),FIBER (g),CARBOHYDRATE  (g),SODIUM (mg),POTASSIUM (mg),CALCIUM (mg),PHOSPHORUS (mg),MAGNESIUM (mg),IRON (mg),ZINC (mg),COPPER (mg),VITAMIN A (ugre),VITAMIN C (mg),THIAMIN (mg),REBOFLAVIN (mg),Unnamed: 21,main_category,subcategory,prep_state
"barlcy , grains",0,8.8,335.0,10.7,1.5,2.9,6.9,69.6,55.0,299.0,104.0,184.0,26.0,4.63,2.25,0.41,T,0,0.3,0.11,,"Grains, Cereals & Pasta",Other Grains,Raw / Unprepared
"corn , grains (white)",0,10.7,364.0,10.2,4,1.3,1.9,71.9,8.0,125.0,27.0,254.0,25.0,2.42,1.7,0.21,T,0,0.37,0.12,,"Grains, Cereals & Pasta",Corn,Raw / Unprepared
"corn , grains (yellow)",0,10.1,368.0,12.7,5.5,1.8,2.9,67.0,10.0,161.0,26.0,239.0,30.0,2.6,1.5,0.19,120,0,0.39,0.11,,"Grains, Cereals & Pasta",Corn,Raw / Unprepared
"corn , flakes",0,5.0,373.0,6.2,2.1,2.4,2.9,82.3,464.0,139.0,15.0,44.0,11.0,1.4,1,0.23,0,0,0.5,0.09,,"Grains, Cereals & Pasta",Corn,Processed / Preserved
"corn , flour",0,11.1,359.0,8.9,2.5,1.3,1.0,75.2,6.0,95.0,22.0,183.0,20.0,2.3,1.05,0.19,0,0,0.0,0.0,,"Grains, Cereals & Pasta",Corn,Processed / Preserved
"corn ,kernels , canned",0,74.5,100.0,2.8,0.9,0.9,0.5,20.1,301.0,82.0,5.0,65.0,,0.65,0.5,0.05,25,7,0.03,0.04,,"Grains, Cereals & Pasta",Corn,Processed / Preserved
"corn ,kernels  on cob , grilled",39,56.9,161.0,4,1,1.0,3.0,34.1,4.0,69.0,7.0,,,1.02,1.2,0.14,T,8,,,,"Grains, Cereals & Pasta",Corn,Prepared / Cooked Dish
"corn , popped ",0,1.8,541.0,9.1,16.7,3.9,2.5,66.0,706.0,158.0,20.0,293.0,,1.8,1.5,,T,0,,,,"Grains, Cereals & Pasta",Corn,Processed / Preserved
"corn , puffed",0,2.7,503.0,7.8,25.7,2.2,1.5,60.1,687.0,190.0,32.0,231.0,,2,1.3,,30,0,,,,"Grains, Cereals & Pasta",Corn,Processed / Preserved
"corn , starch",0,5.0,380.0,0.2,0.1,0.2,0.0,94.5,5.0,7.0,0.0,30.0,0.0,0,0,0.0,0,0,0.0,0.0,,"Grains, Cereals & Pasta",Corn,Processed / Preserved
macaroni,0,9.9,361.0,12,1.1,0.8,0.4,75.8,10.0,176.0,35.0,128.0,22.0,1.4,1.65,0.16,0,0,0.17,0.05,,"Grains, Cereals & Pasta",Pasta & Noodles,Raw / Unprepared
"macaroni/tomato , cooked",0,59.3,169.0,5,3,1.5,3.7,30.5,288.0,95.0,15.0,66.0,,0.7,0.56,,,,,,,"Grains, Cereals & Pasta",Pasta & Noodles,Prepared / Cooked Dish
"macaroni/tomato/meat , cooked",0,61.0,175.0,6.8,5.6,1.6,0.6,24.4,342.0,184.0,30.0,130.0,,1.1,1.05,,,,,,,"Grains, Cereals & Pasta",Pasta & Noodles,Prepared / Cooked Dish
"noodles , fried",0,52.0,218.0,5.1,6,0.6,0.3,36.0,250.0,88.0,18.0,42.0,,0.6,0.7,,,,,,,"Grains, Cereals & Pasta",Pasta & Noodles,Prepared / Cooked Dish
"rice , grains (long)",0,11.2,357.0,8.7,0.8,0.3,0.3,78.7,13.0,108.0,22.0,108.0,15.0,0.77,1.3,0.23,0,0,0.09,0.04,,"Grains, Cereals & Pasta",Rice,Raw / Unprepared
"rice , grains (short)",0,12.5,351.0,7.3,0.7,0.4,0.3,78.8,11.0,93.0,30.0,98.0,23.0,0.69,1.05,0.31,0,0,0.1,0.03,,"Grains, Cereals & Pasta",Rice,Raw / Unprepared
"rice , flour",0,11.6,354.0,7.3,0.5,0.3,0.3,80.0,13.0,80.0,18.0,106.0,10.0,0.8,0.76,0.2,0,0,,,,"Grains, Cereals & Pasta",Rice,Processed / Preserved
"rice , fried ",0,49.8,214.0,3.6,3.9,1.3,0.3,41.1,278.0,67.0,7.0,43.0,,0.25,0.43,,,,,,,"Grains, Cereals & Pasta",Rice,Prepared / Cooked Dish
"rice , fried with noodles",0,49.4,219.0,3.5,4.5,1.2,0.3,41.1,299.0,75.0,18.0,52.0,,0.7,0.45,,,,,,,"Grains, Cereals & Pasta",Rice,Prepared / Cooked Dish
"rice , fried with onions",0,53.7,203.0,3.1,4.6,0.8,0.6,37.2,283.0,42.0,15.0,62.0,,1,0.8,,,,,,,"Grains, Cereals & Pasta",Rice,Prepared / Cooked Dish
"rice , fortified-baby food",0,4.0,420.0,16.2,10,2.9,0.5,66.4,170.0,780.0,555.0,460.0,13.0,7,2.2,,375,40,0.6,0.4,,"Grains, Cereals & Pasta",Rice,Raw / Unprepared
rice (koshari),0,61.0,172.0,6.5,5.2,1.5,1.1,24.7,324.0,228.0,10.0,32.0,,1.4,1.3,0.2,,,,,,"Grains, Cereals & Pasta",Rice,Prepared / Cooked Dish
"rice (koshari) , market",0,63.0,157.0,4.5,3.7,1.6,0.9,26.3,401.0,185.0,8.0,27.0,,0.82,1.11,0.12,,,,,,"Grains, Cereals & Pasta",Rice,Prepared / Cooked Dish
"rice , pudding with milk",0,70.0,129.0,3.3,2.6,0.5,0.5,23.1,25.0,125.0,58.0,,,0.05,,,,,,,,"Grains, Cereals & Pasta",Rice,Prepared / Cooked Dish
"rice , puffed/crisp",0,5.0,379.0,9,0.7,0.8,0.3,84.2,115.0,141.0,14.0,105.0,13.0,1.01,0.98,0.23,,,,,,"Grains, Cereals & Pasta",Rice,Processed / Preserved
semolina,0,11.0,360.0,12,1.8,0.8,0.4,74.0,5.0,208.0,26.0,114.0,10.0,2.02,1.9,0.15,0,0,0.2,0.1,,"Grains, Cereals & Pasta",Other Grains,Raw / Unprepared
"sorghum , grains",0,8.9,366.0,10.9,3.6,1.8,2.2,72.6,10.0,131.0,40.0,250.0,23.0,4.4,3.06,0.41,T,0,0.21,0.1,,"Grains, Cereals & Pasta",Other Grains,Raw / Unprepared
"wheat , bran",0,10.2,313.0,14.4,3.9,6.5,10.0,55.0,60.0,1251.0,91.0,997.0,,10.5,8,0.95,0,0,0.75,0.3,,"Grains, Cereals & Pasta",Wheat,Raw / Unprepared
"wheat , grains",0,12.1,344.0,12,1.6,1.6,2.4,70.3,10.0,315.0,35.0,412.0,88.0,3.1,2.9,0.33,0,0,0.61,0.12,,"Grains, Cereals & Pasta",Wheat,Raw / Unprepared
"wheat , grains (bolila , canned)",0,75.9,95.0,2.4,0.6,0.5,0.6,20.0,22.0,79.0,15.0,,12.0,0.87,0.48,0.05,0,0,,,,"Grains, Cereals & Pasta",Wheat,Processed / Preserved
"wheat , flour (brown)",0,12.1,350.0,11.8,1.3,1.0,1.1,72.7,8.0,265.0,28.0,118.0,27.0,2.6,1.82,0.3,0,0,0.5,0.11,,"Grains, Cereals & Pasta",Wheat,Processed / Preserved
"wheat , flour (white)",0,11.8,354.0,10,1,0.5,0.4,76.3,6.0,120.0,18.0,92.0,22.0,0.85,1.59,0.13,0,0,0.11,0.05,,"Grains, Cereals & Pasta",Wheat,Processed / Preserved
"wheat , fortified-baby food ",0,3.5,413.0,17,10,3.5,2.2,63.8,135.0,850.0,550.0,460.0,,8.25,2.5,,375,40,0.5,0.5,,"Grains, Cereals & Pasta",Wheat,Raw / Unprepared
"wheat , koskos plain",0,47.0,213.0,5.8,0.7,0.4,0.3,45.8,4.0,62.0,17.0,,,0.41,0.6,0.05,,,,,,"Grains, Cereals & Pasta",Wheat,Prepared / Cooked Dish
"wheat , koskos sweet",0,40.6,283.0,5.8,9.8,0.4,0.5,42.9,7.0,65.0,15.0,92.0,,0.4,0.58,0.06,,,,,,"Grains, Cereals & Pasta",Wheat,Prepared / Cooked Dish
"wheat , parboiled (burghul)",0,11.8,352.0,12.5,1.8,1.5,1.0,71.4,37.0,350.0,43.0,405.0,66.0,3.2,4.2,0.31,,0,0.35,0.14,,"Grains, Cereals & Pasta",Wheat,Prepared / Cooked Dish
"wheat , rubbed (fereek)",0,10.8,351.0,11.6,1.7,1.4,2.1,72.4,22.0,300.0,41.0,320.0,56.0,3,3.5,0.3,,0,0.57,0.12,,"Grains, Cereals & Pasta",Wheat,Prepared / Cooked Dish
"wheat , rubbed , cooked ",0,53.5,199.0,5.3,4,0.8,1.0,35.4,309.0,115.0,15.0,120.0,,1.4,16,,,,,,,"Grains, Cereals & Pasta",Wheat,Prepared / Cooked Dish
"wheat , rubbed/meat , cooked",0,53.0,213.0,7.8,6.4,1.2,0.6,31.0,354.0,154.0,35.0,188.0,,2.07,1.87,,,,,,,"Grains, Cereals & Pasta",Wheat,Prepared / Cooked Dish
"biscuit , chocolate coat",0,2.7,517.0,10.5,27.5,1.5,1.0,56.8,200.0,235.0,110.0,,,1.95,0.78,,T,0,0.04,0.13,,Biscuits & Cookies,Biscuits & Cookies,Prepared / Cooked Dish
"biscuit , cream fill",0,2.6,509.0,7.3,25,0.9,0.6,63.6,130.0,135.0,62.0,168.0,,1.6,0.5,,T,0,0.14,0.15,,Biscuits & Cookies,Biscuits & Cookies,Prepared / Cooked Dish
"biscuit , date fill",0,4.5,453.0,6.4,15.8,1.1,1.0,71.2,167.0,246.0,85.0,,8.0,2.85,0.53,0.15,T,0,0.2,0.18,,Biscuits & Cookies,Biscuits & Cookies,Prepared / Cooked Dish
"biscuit , digestive",0,3.0,468.0,7.5,20,1.9,3.0,64.6,500.0,200.0,78.0,,32.0,3.2,0.7,0.2,0,0,0.15,0.09,,Biscuits & Cookies,Biscuits & Cookies,Prepared / Cooked Dish
"biscuit , nice",0,3.1,454.0,9.8,15,1.2,0.5,70.0,162.0,137.0,120.0,155.0,,1.86,0.77,,0,0,0.1,0.03,,Biscuits & Cookies,Biscuits & Cookies,Prepared / Cooked Dish
"biscuit , plain",0,3.5,438.0,9.6,11.8,1.0,0.8,73.3,129.0,140.0,109.0,173.0,,2,0.7,,0,0,0.08,0.05,,Biscuits & Cookies,Biscuits & Cookies,Prepared / Cooked Dish
"biscuit , plain (fe-fortified)",0,3.3,440.0,9.4,12,1.0,0.8,73.5,127.0,135.0,114.0,182.0,,4.6,0.8,0.22,,0,0.07,0.03,,Biscuits & Cookies,Biscuits & Cookies,Prepared / Cooked Dish
"biscuit , salted",0,3.9,438.0,10.1,13.7,3.4,0.3,68.6,869.0,123.0,25.0,123.0,,1.41,1,,T,0,,,,Biscuits & Cookies,Biscuits & Cookies,Prepared / Cooked Dish
"biscuit , salted (preizel)",0,2.0,398.0,9.8,3,2.0,0.3,82.9,765.0,138.0,27.0,123.0,,1.5,1.1,,0,0,,,,Biscuits & Cookies,Biscuits & Cookies,Prepared / Cooked Dish
"biscuit , wafers chocolate coat",0,1.9,535.0,6.4,29.8,0.9,0.6,60.4,180.0,160.0,103.0,,,2.1,0.6,,T,0,0.1,0.12,,Biscuits & Cookies,Biscuits & Cookies,Prepared / Cooked Dish
"biscuit , wafers cream fill",0,2.0,515.0,6.3,25.4,0.5,0.6,65.2,93.0,150.0,45.0,83.0,,1.5,0.51,0.16,T,0,0.09,0.08,,Biscuits & Cookies,Biscuits & Cookies,Prepared / Cooked Dish
"bread , baladi",0,35.3,254.0,8.8,1,1.1,1.3,52.5,338.0,236.0,42.0,134.0,14.0,2.89,1.75,0.14,0,0,0.29,0.1,,Bread,Bread,Prepared / Cooked Dish
"bread , baladi (wheat/corn)",0,35.1,256.0,9,1.3,1.2,1.4,52.0,369.0,208.0,47.0,197.0,13.0,3,2,0.19,0,,0.31,0.12,,Bread,Bread,Prepared / Cooked Dish
"bread , brans dry (sin)",0,2.0,369.0,12.3,2.1,2.1,3.3,75.2,449.0,430.0,42.0,,,4.5,2.9,0.4,,,,,,Bread,Bread,Prepared / Cooked Dish
"bread , buns with sesame",0,32.8,273.0,12.5,3,1.6,1.1,49.0,330.0,,60.0,,,2.1,0.85,0.52,,,,,,Bread,Bread,Prepared / Cooked Dish
"bread ,corn / wheat (1:1)",0,12.0,355.0,9.9,2.5,1.3,1.1,73.2,452.0,,53.0,,,2.4,,,0,0,0.29,0.12,,Bread,Bread,Prepared / Cooked Dish
"bread ,corn / wheat (1:2)",0,10.0,360.0,10.1,2.8,1.5,1.9,73.7,483.0,234.0,65.0,147.0,19.0,3.2,1.8,0.18,0,0,0.28,0.12,,Bread,Bread,Prepared / Cooked Dish
"bread ,corn / wheat (2:1)",0,12.5,351.0,9.8,2.9,1.5,2.0,71.3,474.0,,55.0,,,2.5,,,T,0,0.28,0.11,,Bread,Bread,Prepared / Cooked Dish
"bread , crumb",0,9.7,356.0,10.3,2,1.8,2.0,74.2,501.0,200.0,76.0,115.0,15.0,2,1.53,0.38,0,0,0.2,0.12,,Bread,Bread,Prepared / Cooked Dish
"bread , french",0,28.8,285.0,8.7,1,0.9,0.3,60.3,296.0,125.0,14.0,94.0,18.0,0.7,1.1,0.12,0,0,0.1,0.05,,Bread,Bread,Prepared / Cooked Dish
"bread , lebanese",0,22.0,311.0,9.2,0.7,0.9,0.3,66.9,307.0,104.0,15.0,85.0,17.0,0.72,1.2,0.1,0,0,0.11,0.05,,Bread,Bread,Prepared / Cooked Dish
"bread , lebanese (brown)",0,25.8,293.0,9.4,2.1,1.1,2.5,59.1,336.0,186.0,27.0,,,3.94,2,0.44,0,0,,,,Bread,Bread,Prepared / Cooked Dish
"bread , shami",0,27.2,292.0,8.6,0.9,0.8,0.2,62.3,350.0,120.0,16.0,82.0,16.0,0.7,1,0.1,0,0,0.1,0.05,,Bread,Bread,Prepared / Cooked Dish
"bread , shamsy",0,35.0,259.0,9.2,1.1,1.0,0.6,53.1,375.0,175.0,44.0,120.0,14.0,2.1,1.9,0.1,0,0,0.27,0.11,,Bread,Bread,Prepared / Cooked Dish
"bread , slised (brown toast)",0,34.5,257.0,8.9,1.9,1.2,2.4,51.1,405.0,201.0,49.0,185.0,18.0,2.86,1.1,0.59,0,0,0.2,0.05,,Bread,Bread,Prepared / Cooked Dish
"bread , slised (white toast)",0,33.0,270.0,8.4,1.5,1.0,0.5,55.6,400.0,152.0,30.0,,,1,0.9,,0,0,0.18,0.05,,Bread,Bread,Prepared / Cooked Dish
"bread , sticks with sesame",0,6.1,379.0,11.7,2.9,1.5,1.3,76.5,410.0,203.0,79.0,,,2.15,1.99,0.42,T,0,,,,Bread,Bread,Prepared / Cooked Dish
"bread , sticks (fayesh)",0,8.1,398.0,12,7.5,0.9,0.9,70.6,188.0,150.0,85.0,,,3.8,1.5,,,0,,,,Bread,Bread,Prepared / Cooked Dish
"cakes , cup",0,26.8,379.0,7,18.4,1.2,0.3,46.3,350.0,83.0,58.0,100.0,,0.5,,,53,0,0.02,0.05,,Cakes & Pastries,Cakes & Pastries,Prepared / Cooked Dish
"cakes , sponge",0,32.0,290.0,7.5,4.2,0.5,0.2,55.6,159.0,90.0,25.0,120.0,,1.19,1.04,,93,0,0.1,0.12,,Cakes & Pastries,Cakes & Pastries,Prepared / Cooked Dish
flaky pastry,0,22.0,476.0,5.5,34,1.1,0.3,37.1,372.0,201.0,90.0,200.0,14.0,1.05,0.8,0.2,,0,,,,Cakes & Pastries,Cakes & Pastries,Prepared / Cooked Dish
"pie, date (school)",0,21.0,361.0,9.5,10.9,1.2,1.3,56.1,285.0,297.0,59.0,,,2.11,0.18,,32,8,,,,Cakes & Pastries,Cakes & Pastries,Prepared / Cooked Dish
"pie ,fiteer , meshaltet",0,35.5,402.0,6.7,30,1.1,0.5,26.2,300.0,,25.0,,,0.4,0.45,,,,,,,Cakes & Pastries,Cakes & Pastries,Prepared / Cooked Dish
"pie , fiteer , market",0,28.6,341.0,7.6,12,0.7,0.4,50.7,256.0,,15.0,,,0.6,,,,,,,,Cakes & Pastries,Cakes & Pastries,Prepared / Cooked Dish
"pie , rucak with meat",0,51.4,279.0,8.5,18.6,1.1,1.0,19.4,422.0,102.0,72.0,75.0,,1.2,0.64,,,,,,,Cakes & Pastries,Cakes & Pastries,Prepared / Cooked Dish
"pizza , cheese topping",0,48.5,243.0,12,9.9,2.1,1.0,26.5,583.0,124.0,231.0,,,1.2,1.6,0.1,,,,,,Pizza,Pizza,Prepared / Cooked Dish
"pizza , meat / sausage topping",0,41.5,267.0,13.4,9.3,2.4,1.0,32.4,598.0,157.0,160.0,,,1.5,1.1,0.12,,,,,,Pizza,Pizza,Prepared / Cooked Dish
"pizza , seafood topping",0,44.0,252.0,10,8,2.1,3.8,35.1,498.0,130.0,201.0,,,1.15,0.99,0.19,,,,,,Pizza,Pizza,Prepared / Cooked Dish
"pizza , vegetarian",0,47.8,230.0,5.9,7.1,2.6,1.0,35.6,476.0,192.0,154.0,,,1.15,0.95,0.8,,,,,,Pizza,Pizza,Prepared / Cooked Dish
"sandwiches ,cheese white",0,57.0,180.0,7.5,4,2.0,1.0,28.5,496.0,190.0,196.0,,17.0,1.1,1.1,0.04,,,,,,Sandwiches,Sandwiches,Prepared / Cooked Dish
"sandwiches ,cheese yellow",0,40.0,262.0,10.5,7,2.0,1.2,39.3,684.0,183.0,202.0,,20.0,0.09,1.3,0.01,,,,,,Sandwiches,Sandwiches,Prepared / Cooked Dish
"sandwiches , fried brain",0,55.0,232.0,10.1,11.5,1.2,0.3,21.9,403.0,286.0,63.0,,21.0,2.16,0.87,0.21,,,,,,Sandwiches,Sandwiches,Prepared / Cooked Dish
"sandwiches , fried chicken",0,45.0,259.0,9.6,10,1.7,1.0,32.7,590.0,280.0,20.0,,29.0,1.93,1,0.2,,,,,,Sandwiches,Sandwiches,Prepared / Cooked Dish
"sandwiches , fried eggplant",0,56.0,123.0,4,5.5,1.8,0.8,31.9,615.0,386.0,27.0,,12.0,1.35,0.96,0.06,,,,,,Sandwiches,Sandwiches,Prepared / Cooked Dish
"sandwiches , fried liver",0,46.7,238.0,14.4,6.8,1.8,0.6,29.7,599.0,270.0,53.0,,50.0,5.6,2.3,1.87,,,,,,Sandwiches,Sandwiches,Prepared / Cooked Dish
"sandwiches , fried shrimp",0,47.5,252.0,10.2,10.5,2.0,0.7,29.1,525.0,285.0,54.0,,27.0,2.82,1.1,0.19,,,,,,Sandwiches,Sandwiches,Prepared / Cooked Dish
"sandwiches , fried taamin",0,53.0,205.0,6.1,5.8,1.6,1.3,32.2,587.0,273.0,33.0,,30.0,2.6,1.36,0.14,,,,,,Sandwiches,Sandwiches,Prepared / Cooked Dish
"sandwiches , grilled checken",0,51.5,223.0,11.4,8,1.8,0.9,26.4,522.0,316.0,28.0,,34.0,1.83,1.4,0.15,,,,,,Sandwiches,Sandwiches,Prepared / Cooked Dish
"sandwiches , grilled kofta",0,50.9,224.0,12,7.5,1.8,0.6,27.2,491.0,226.0,23.0,,30.0,2.36,1.03,0.18,,,,,,Sandwiches,Sandwiches,Prepared / Cooked Dish
"sandwiches , hamburger",0,52.8,216.0,8.8,7.5,1.7,0.8,28.4,689.0,307.0,38.0,,24.0,2,1.63,0.11,,,,,,Sandwiches,Sandwiches,Prepared / Cooked Dish
"sandwiches , hotdog",0,50.2,221.0,8.8,6.5,2.1,0.5,31.9,615.0,250.0,20.0,,31.0,1.58,1,0.21,,,,,,Sandwiches,Sandwiches,Prepared / Cooked Dish
"sandwiches ,shawerma meat",0,51.1,220.0,10.7,7,1.9,0.7,28.6,698.0,273.0,46.0,,32.0,2.9,1.91,0.33,,,,,,Sandwiches,Sandwiches,Prepared / Cooked Dish
"sandwiches , stewed foul",0,56.2,173.0,5,2.2,1.8,1.5,33.3,669.0,300.0,43.0,,29.0,2.05,1.24,0.12,,,,,,Sandwiches,Sandwiches,Prepared / Cooked Dish
chufa tuber (hab-alaziz),0,5.3,413.0,5.7,16.2,2.4,9.3,61.1,51.0,,27.0,,,5.8,2.19,,0,0,,,,Roots & Tubers,Roots & Tubers,Raw / Unprepared
"chufa tuber , wet",0,35.6,278.0,4,9.3,1.5,5.0,44.6,,,,,,3.5,1.32,,0,0,,,,Roots & Tubers,Roots & Tubers,Raw / Unprepared
colocasia,23,79.1,77.0,2.1,0.2,1.2,0.8,16.6,14.0,495.0,62.0,60.0,13.0,1,0.5,0.08,11,6,0.15,0.05,,Roots & Tubers,Roots & Tubers,Raw / Unprepared
"colocasia , cooked",0,81.0,91.0,2.5,4.4,1.5,0.3,10.3,375.0,340.0,58.0,64.0,,1,0.32,,,,,,,Roots & Tubers,Roots & Tubers,Prepared / Cooked Dish
potatoes,11,80.5,73.0,1.6,0.1,0.8,0.6,16.4,8.0,420.0,7.0,46.0,16.0,0.6,0.32,0.15,2,18,0.09,0.04,,Roots & Tubers,Roots & Tubers,Raw / Unprepared
"potatoes , chips",0,1.5,557.0,5.5,37.5,4.5,1.6,49.4,654.0,1100.0,37.0,149.0,53.0,1.7,0.9,0.25,T,0,0.21,0.05,,Roots & Tubers,Roots & Tubers,Processed / Preserved
"potatoes , fried",0,45.2,281.0,4.1,14.5,1.8,1.0,33.4,290.0,627.0,13.0,,,1.2,0.3,,,,,,,Roots & Tubers,Roots & Tubers,Prepared / Cooked Dish
"potatoes , cooked with tomato",0,76.6,104.0,1.2,3.5,1.4,0.4,16.9,369.0,394.0,10.0,72.0,,0.7,0.5,,,,,,,Roots & Tubers,Roots & Tubers,Prepared / Cooked Dish
"potatoes , mashed with milk",0,81.0,80.0,2.2,1.9,0.9,0.4,13.6,317.0,321.0,48.0,54.0,,0.65,0.56,,,,,,,Roots & Tubers,Roots & Tubers,Prepared / Cooked Dish
"potatoes , mashed /meat/egg",0,76.7,121.0,6,7,1.4,0.5,8.4,377.0,422.0,26.0,78.0,,0.5,,,,,,,,Roots & Tubers,Roots & Tubers,Prepared / Cooked Dish
"potatoes , meat stuff",0,76.2,115.0,3.1,5,0.6,0.6,14.5,339.0,407.0,18.0,54.0,,1.8,0.77,,,,,,,Roots & Tubers,Roots & Tubers,Prepared / Cooked Dish
sweetpotatos,19,70.5,112.0,1.8,0.3,1.0,0.9,25.5,13.0,398.0,39.0,40.0,25.0,0.8,0.3,0.14,570,24,0.11,0.06,,Roots & Tubers,Roots & Tubers,Raw / Unprepared
"beans , broad",0,10.3,326.0,24.1,1.5,3.2,6.9,54.0,35.0,724.0,85.0,386.0,148.0,5.8,3.14,0.29,9,5,0.48,0.28,,Legumes & Pulses,Beans,Raw / Unprepared
"beans , broad (bisara)",0,68.0,130.0,6,4,1.6,3.3,17.4,290.0,187.0,25.0,,,1.2,0.2,,,8,,,,Legumes & Pulses,Beans,Raw / Unprepared
"beans , broad , decorticated",0,10.4,346.0,25.9,2,2.7,2.8,56.2,39.0,640.0,92.0,359.0,126.0,4.8,2.9,0.18,13,2,0.41,0.13,,Legumes & Pulses,Beans,Raw / Unprepared
"beans , broad (foul) , canned ",0,70.0,132.0,6.1,5,1.1,2.1,15.7,333.0,275.0,44.0,175.0,49.0,2.7,0.9,,T,0,0.12,0.08,,Legumes & Pulses,Beans,Processed / Preserved
"beans , broad (foulmedames)",0,73.3,98.0,5.6,0.7,0.8,2.0,17.2,24.0,218.0,37.0,183.0,,2.4,1,,T,0,,,,Legumes & Pulses,Beans,Raw / Unprepared
"beans , broad (menabet)",0,61.0,145.0,10.4,0.7,0.8,2.9,24.2,14.0,290.0,34.0,154.0,59.0,2.3,1.05,0.12,5,3,0.2,0.22,,Legumes & Pulses,Beans,Raw / Unprepared
"beans , broad (nabet)cooked",2,70.0,114.0,8.8,0.6,1.2,1.0,18.4,330.0,218.0,37.0,166.0,,2.4,1,,T,0,,,,Legumes & Pulses,Beans,Prepared / Cooked Dish
"beans , broad (taamia), fride",0,32.7,355.0,10.9,20.1,2.2,1.5,32.6,524.0,258.0,24.0,118.0,41.0,2.7,1.16,0.4,,6,,,,Legumes & Pulses,Beans,Raw / Unprepared
"beans , kidey (red)",0,11.6,323.0,23.1,1.3,3.4,5.8,54.8,20.0,1309.0,120.0,374.0,136.0,6.5,2.01,,T,3,0.62,0.21,,Legumes & Pulses,Beans,Raw / Unprepared
"beans , kidey (white)",0,10.8,333.0,22.1,1.4,3.5,4.2,58.0,36.0,1270.0,148.0,415.0,142.0,7.2,3.4,0.78,0,2,0.58,0.26,,Legumes & Pulses,Beans,Raw / Unprepared
"beans , kidey white , cooked",0,66.0,134.0,8.9,2.4,1.5,1.9,19.3,324.0,504.0,57.0,139.0,,2.5,1.13,,,,,,,Legumes & Pulses,Beans,Prepared / Cooked Dish
"beans , kidey white / meat",0,65.6,152.0,11.4,5.6,1.4,2.0,14.0,371.0,566.0,59.0,167.0,,2.96,1.41,,,,,,,Legumes & Pulses,Beans,Raw / Unprepared
"beans , mung",0,7.2,352.0,21.4,2,3.3,4.0,62.1,32.0,1354.0,168.0,293.0,98.0,5,2.9,,12,4,0.27,0.19,,Legumes & Pulses,Beans,Raw / Unprepared
chickpeas,0,8.6,352.0,20.3,4.2,3.3,5.3,58.3,50.0,962.0,127.0,352.0,122.0,6.7,4.7,1.25,10,4,0.41,0.29,,Legumes & Pulses,Chickpeas,Raw / Unprepared
"chickpeas , (homos sham)",0,64.2,138.0,7,1.6,1.2,2.1,23.9,405.0,380.0,48.0,151.0,43.0,2.5,1.82,0.47,T,0,0.12,0.29,,Legumes & Pulses,Chickpeas,Raw / Unprepared
"chickpeas , yellow",0,10.5,354.0,19.6,4.4,3.1,3.4,59.0,34.0,855.0,155.0,430.0,130.0,5.8,3.4,1.3,19,2,0.48,0.21,,Legumes & Pulses,Chickpeas,Raw / Unprepared
cowpeas,0,11.3,330.0,23,1.2,3.1,4.7,56.7,30.0,1217.0,104.0,347.0,136.0,6.8,3.22,0.46,3,2,0.75,0.21,,Legumes & Pulses,Other Pulses,Raw / Unprepared
"cowpeas , cooked",0,68.0,131.0,8.5,3.5,1.6,2.0,16.4,343.0,579.0,37.0,96.0,34.0,2.2,1.07,,,,,,,Legumes & Pulses,Other Pulses,Prepared / Cooked Dish
"cowpeas , cooked with meat",0,66.0,146.0,11,5.5,2.0,2.5,13.0,317.0,456.0,36.0,142.0,,3.5,1.54,,,,,,,Legumes & Pulses,Other Pulses,Prepared / Cooked Dish
fenugreek,0,9.4,356.0,25.6,6.7,3.5,6.5,48.3,93.0,966.0,194.0,365.0,115.0,14,4.6,0.4,132,4,0.27,0.52,,Legumes & Pulses,Other Pulses,Raw / Unprepared
"lentils , un-peeld",0,10.0,340.0,22.4,1.1,2.7,3.8,60.0,30.0,725.0,48.0,327.0,86.0,7.3,4.2,0.25,12,0,0.4,0.22,,Legumes & Pulses,Lentils,Raw / Unprepared
"lentils , un-peeld , cooked",0,65.0,151.0,5.8,5.6,2.0,2.3,19.3,440.0,372.0,43.0,164.0,,3.1,1.5,,,,,,,Legumes & Pulses,Lentils,Prepared / Cooked Dish
"lentils , peeled (yellow)",0,11.5,340.0,22.9,0.7,2.3,2.1,60.5,41.0,765.0,50.0,330.0,82.0,6.8,3.2,0.35,15,0,0.41,0.18,,Legumes & Pulses,Lentils,Raw / Unprepared
"lentils , peeled / rice cooked",0,68.9,140.0,6.2,5.2,1.4,1.2,17.1,312.0,384.0,12.0,57.0,,1.1,0.8,,,,,,,Legumes & Pulses,Lentils,Prepared / Cooked Dish
"lentils , peeled soup",0,82.5,68.0,1.5,1.5,1.7,0.7,3.8,318.0,245.0,26.0,76.0,,1.8,0.6,,,,,,,Legumes & Pulses,Lentils,Raw / Unprepared
lupines ,0,8.0,355.0,9,9,3.5,11.0,20.5,94.0,605.0,279.0,490.0,189.0,5.82,2.87,0.87,T,0,0.41,0.48,,Legumes & Pulses,Other Pulses,Raw / Unprepared
lupines (termis),3,70.7,111.0,2.7,2.7,2.0,3.0,12.0,580.0,200.0,89.0,128.0,53.0,1.58,0.8,0.24,T,5,0.15,0.1,,Legumes & Pulses,Other Pulses,Raw / Unprepared
peas,0,10.0,345.0,2.1,2.1,2.5,3.9,59.4,32.0,928.0,82.0,352.0,125.0,5.8,3.15,0.75,34,4,0.84,0.25,,Legumes & Pulses,Other Pulses,Raw / Unprepared
soybeans,0,9.3,426.0,19.9,19.9,4.7,4.3,20.1,21.0,1618.0,305.0,563.0,258.0,7.5,2,,0,0,0.8,0.32,,Legumes & Pulses,Beans,Raw / Unprepared
"soybeans , flour",0,7.5,362.0,3.9,3.9,4.2,2.8,37.1,28.0,1870.0,268.0,424.0,303.0,8.33,1.2,,0,0,0.83,0.29,,Legumes & Pulses,Beans,Processed / Preserved
almonds,0,4.6,640.0,55.8,55.8,2.7,2.5,16.8,7.0,793.0,215.0,485.0,230.0,4.5,3.2,0.13,21,0,0.26,0.72,,Nuts & Seeds,Nuts & Seeds,Raw / Unprepared
"coconuls , dry",0,3.0,689.0,65,65,2.0,4.0,20.0,23.0,560.0,20.0,176.0,44.0,2.9,1.5,0.4,0,0,0.07,0.04,,Nuts & Seeds,Nuts & Seeds,Raw / Unprepared
hazelnuts,0,5.0,633.0,55.7,55.7,2.6,3.7,14.4,5.0,600.0,180.0,300.0,130.0,3.5,2,1.1,24,0,0.45,0.25,,Nuts & Seeds,Nuts & Seeds,Raw / Unprepared
peanuts,30,4.6,585.0,44.9,44.9,2.4,2.9,18.8,4.0,670.0,55.0,380.0,180.0,2.5,2.6,0.29,48,0,0.85,0.14,,Nuts & Seeds,Nuts & Seeds,Raw / Unprepared
pinenuts,0,4.6,614.0,30.2,50.2,3.7,1.0,10.3,53.0,888.0,15.0,500.0,240.0,4.9,2.4,1.4,5,0,1.0,0.22,,Nuts & Seeds,Nuts & Seeds,Raw / Unprepared
pistachio nuts,44,5.5,631.0,20.9,54.1,2.6,1.8,15.1,15.0,850.0,122.0,503.0,150.0,6.9,1.9,1.2,54,0,0.73,0.19,,Nuts & Seeds,Nuts & Seeds,Raw / Unprepared
pumpkin seeds/salted,23,4.3,591.0,23.9,48,3.5,4.5,15.8,695.0,790.0,55.0,1027.0,,9.5,5.5,,21,0,0.3,0.39,,Nuts & Seeds,Nuts & Seeds,Processed / Preserved
sesame seeds,0,4.6,600.0,19,51.8,4.6,5.5,14.5,65.0,506.0,887.0,515.0,174.0,10.2,8.6,1.23,9,0,1.1,0.32,,Nuts & Seeds,Nuts & Seeds,Raw / Unprepared
sesame butter (tehina),0,3.0,660.0,20,60,3.0,4.0,10.0,84.0,205.0,340.0,665.0,44.0,6.1,5.5,0.8,11,0,0.94,0.26,,Nuts & Seeds,Nuts & Seeds,Raw / Unprepared
walnuts,0,3.4,695.0,14.7,64.9,1.8,2.2,13.0,5.0,600.0,75.0,390.0,120.0,2,2.8,0.3,7,5,0.35,0.12,,Nuts & Seeds,Nuts & Seeds,Raw / Unprepared
watermelon seeds / salted,45,5.5,592.0,34.7,48,3.5,3.0,5.3,505.0,,45.0,896.0,,8,0.3,,,0,0.22,0.16,,Nuts & Seeds,Nuts & Seeds,Processed / Preserved
artichokes,52,85.8,45.0,3.5,0.2,1.1,2.0,7.4,32.0,350.0,55.0,96.0,30.0,0.9,0.5,0.03,15,11,0.07,0.06,,Vegetables,"Other Vegetables (artichoke, okra, fennel, celery, grape leaves)",Raw / Unprepared
"artichokes , salad",0,79.7,89.0,2.7,4.7,2.5,1.4,9.0,314.0,380.0,35.0,90.0,,0.86,0.41,,,,,,,Vegetables,"Other Vegetables (artichoke, okra, fennel, celery, grape leaves)",Raw / Unprepared
"beans , broad (green)",68,77.3,79.0,5.7,0.4,1.0,2.4,13.2,6.0,250.0,31.0,119.0,30.0,1.1,0.8,0.3,34,27,0.22,0.15,,Vegetables,"Other Vegetables (artichoke, okra, fennel, celery, grape leaves)",Raw / Unprepared
"beans , green",12,91.0,30.0,1.8,0.2,0.7,1.1,5.2,8.0,274.0,35.0,45.0,12.0,1.75,0.51,0.24,57,18,0.09,0.12,,Vegetables,Legume Vegetables,Raw / Unprepared
"beans , green , cooked",0,86.2,61.0,1.9,3.2,1.4,1.1,6.2,390.0,346.0,34.0,33.0,,1.4,0.39,,,,,,,Vegetables,Legume Vegetables,Prepared / Cooked Dish
beetroots,15,86.8,45.0,1.5,0.1,1.0,1.1,6.5,70.0,320.0,22.0,35.0,25.0,0.9,0.63,0.07,5,8,0.02,0.05,,Vegetables,Root & Bulb Vegetables,Raw / Unprepared
broccoli,20,88.2,38.0,3.5,0.3,1.1,1.5,5.4,35.0,368.0,57.0,80.0,20.0,1.23,0.84,0.09,150,95,0.1,0.24,,Vegetables,Cruciferous,Raw / Unprepared
brussels sprouts,10,85.6,50.0,4.6,0.4,1.2,1.3,6.9,12.0,440.0,43.0,85.0,20.0,0.95,0.79,0.2,75,65,0.11,0.19,,Vegetables,Cruciferous,Raw / Unprepared
"cabbage , red ",10,90.2,31.0,1.6,0.3,1.0,1.5,5.4,31.0,298.0,55.0,,3.0,0.74,0.36,0.05,8,54,,,,Vegetables,Cruciferous,Raw / Unprepared
"cabbage , white",25,91.6,27.0,1.3,0.2,0.7,1.2,5.0,35.0,250.0,40.0,32.0,15.0,0.58,0.3,0.04,5,35,0.07,0.06,,Vegetables,Cruciferous,Raw / Unprepared
"cabbage , rice stuff",0,71.0,127.0,3.5,4,1.1,1.2,19.2,325.0,250.0,42.0,,,0.5,0.5,,,,,,,Vegetables,Cruciferous,Prepared / Cooked Dish
"cabbage , rice / meat stuff",0,70.0,140.0,5,6.2,1.5,1.2,16.1,318.0,219.0,48.0,62.0,,0.8,0.65,,,,,,,Vegetables,Cruciferous,Prepared / Cooked Dish
carrots,5,89.0,36.0,1.2,0.2,0.8,1.0,7.4,62.0,300.0,40.0,42.0,18.0,0.58,0.42,0.06,1871,8,0.06,0.04,,Vegetables,Root & Bulb Vegetables,Raw / Unprepared
cauliflower ,28,91.5,28.0,2.3,0.3,0.8,1.0,4.1,15.0,304.0,30.0,56.0,20.0,0.5,0.3,0.19,4,58,0.05,0.06,,Vegetables,Cruciferous,Raw / Unprepared
"cauliflower , cooked ",0,89.0,49.0,2,2.1,0.7,0.8,5.4,420.0,269.0,27.0,,,0.5,0.4,,,,,,,Vegetables,Cruciferous,Prepared / Cooked Dish
"cauliflower / meat , cooked ",0,87.0,62.0,3.7,3.1,0.6,0.7,4.9,405.0,313.0,32.0,,,0.77,0.5,,,,,,,Vegetables,Cruciferous,Prepared / Cooked Dish
celery,33,85.2,52.0,0.9,0.2,1.3,0.7,11.7,74.0,315.0,40.0,48.0,25.0,0.95,0.21,0.02,15,7,0.04,0.05,,Vegetables,"Other Vegetables (artichoke, okra, fennel, celery, grape leaves)",Raw / Unprepared
chard swiss,17,91.2,27.0,2.3,0.4,1.7,0.9,3.5,164.0,505.0,85.0,32.0,57.0,3.05,2,0.18,666,18,0.05,0.14,,Vegetables,Leafy Greens & Herbs,Raw / Unprepared
chickpeas green,77,64.0,139.0,4.7,1.3,1.3,1.7,27.0,,,75.0,,,3.5,,,,40,0.08,,,Vegetables,Legume Vegetables,Raw / Unprepared
chicory,18,91.7,27.0,1.8,0.4,1.2,0.9,4.0,,,140.0,,,2.8,,,,35,,,,Vegetables,Leafy Greens & Herbs,Raw / Unprepared
coriander,12,88.5,34.0,3.7,0.6,2.0,1.7,3.5,54.0,366.0,182.0,64.0,9.0,3.3,3.3,0.07,470,75,0.13,0.31,,Vegetables,Leafy Greens & Herbs,Raw / Unprepared
cowpeas ,8,85.4,50.0,3.5,0.3,0.8,1.6,8.4,5.0,295.0,52.0,86.0,28.0,1.4,0.7,0.25,45,25,1.05,0.21,,Vegetables,Legume Vegetables,Raw / Unprepared
cucumber,10,95.0,16.0,0.7,0.1,0.5,0.6,3.1,5.0,130.0,18.0,31.0,8.0,0.6,0.18,0.07,4,9,0.4,0.05,,Vegetables,Gourds & Squash,Raw / Unprepared
"cucumber, pickled",0,90.0,22.0,1.1,0,4.0,0.4,4.5,991.0,185.0,21.0,,,0.8,0.21,,T,0,,,,Vegetables,Pickled Vegetables,Processed / Preserved
dill,10,88.9,36.0,2.9,0.5,1.5,1.2,5.0,60.0,305.0,150.0,41.0,20.0,2.1,3.6,0.07,300,34,0.12,0.38,,Vegetables,Leafy Greens & Herbs,Raw / Unprepared
"eggplant,black or white",16,91.3,28.0,1.7,0.2,0.7,1.2,4.9,7.0,272.0,15.0,25.0,13.0,0.5,0.33,0.07,8,6,0.04,0.03,,Vegetables,Nightshades (Eggplant/Tomato/Pepper),Raw / Unprepared
"eggplant ,round",15,91.0,27.0,1.8,0.1,0.9,1.4,4.8,8.0,270.0,17.0,24.0,12.0,0.38,0.36,0.07,6,8,0.03,0.05,,Vegetables,Nightshades (Eggplant/Tomato/Pepper),Raw / Unprepared
"eggplant ,cooked",0,87.0,73.0,1.6,5.3,0.6,0.8,4.7,396.0,229.0,13.0,20.0,,0.34,0.25,,,,,,,Vegetables,Nightshades (Eggplant/Tomato/Pepper),Prepared / Cooked Dish
"Eggplant, cooked with meat",0,85.0,84.0,3.6,6,0.7,0.7,4.0,364.0,264.0,21.0,33.0,,0.72,0.5,,,,,,,Vegetables,Nightshades (Eggplant/Tomato/Pepper),Prepared / Cooked Dish
"Eggplant, fired",0,75.1,175.0,1.5,17,1.5,1.0,3.9,409.0,257.0,15.0,22.0,,0.33,0.29,,,,,,,Vegetables,Nightshades (Eggplant/Tomato/Pepper),Raw / Unprepared
"Eggplan, rice stuff",0,71.0,126.0,3,4,1.5,1.0,19.5,390.0,238.0,19.0,,,0.77,0.52,,,,,,,Vegetables,"Other Vegetables (artichoke, okra, fennel, celery, grape leaves)",Prepared / Cooked Dish
Fennel,5,88.6,37.0,2.6,0.5,1.4,1.5,5.4,52.0,226.0,52.0,48.0,26.0,1.34,0.15,0.08,,28,,,,Vegetables,"Other Vegetables (artichoke, okra, fennel, celery, grape leaves)",Raw / Unprepared
"fenugreek, leaves",30,86.6,45.0,3.5,0.5,1.5,1.4,6.5,68.0,260.0,135.0,47.0,12.0,6.4,4.5,0.07,700,60,0.12,25.0,,Vegetables,Leafy Greens & Herbs,Raw / Unprepared
Garden rocket,25,89.9,32.0,2.5,0.5,1.7,1.0,4.4,33.0,257.0,127.0,40.0,13.0,8.3,0.8,0.3,364,125,0.14,0.21,,Vegetables,Leafy Greens & Herbs,Raw / Unprepared
"Garlic, bulb",5,62.3,142.0,5.6,0.3,1.5,1.2,29.7,22.0,515.0,34.0,168.0,30.0,1.6,0.72,0.22,,5,0.22,0.07,,Vegetables,Root & Bulb Vegetables,Raw / Unprepared
Grape leaves,5,76.4,80.0,4,0.6,2.0,2.3,14.7,55.0,370.0,394.0,45.0,15.0,2.2,0.3,0.05,1287,90,0.25,0.1,,Vegetables,"Other Vegetables (artichoke, okra, fennel, celery, grape leaves)",Raw / Unprepared
"Grape leaves, pickled",0,75.4,71.0,7.3,0.6,4.6,3.0,9.1,894.0,,385.0,,,2,0.3,,,13,,,,Vegetables,Pickled Vegetables,Processed / Preserved
"Grape leaves, rice suft ",0,69.4,131.0,4,4.2,1.5,1.5,19.4,385.0,205.0,96.0,52.0,14.0,2.5,0.3,0.13,,,,,,Vegetables,"Other Vegetables (artichoke, okra, fennel, celery, grape leaves)",Raw / Unprepared
Jew's mallow ,70,83.9,54.0,5,1,2.3,1.5,6.3,42.0,380.0,270.0,61.0,17.0,4.2,0.4,0.04,1150,80,0.5,0.32,,Vegetables,Leafy Greens & Herbs,Raw / Unprepared
"Jew's mallow, cooked ",0,81.0,91.0,3.5,6,2.3,1.5,5.7,300.0,250.0,200.0,74.0,,1.4,0.13,,,,,,,Vegetables,Leafy Greens & Herbs,Prepared / Cooked Dish
"leeks,bulb",50,93.9,18.0,1.8,0.3,1.1,0.9,2.0,18.0,270.0,87.0,35.0,15.0,1.2,0.4,0.03,8,19,0.04,0.11,,Vegetables,Root & Bulb Vegetables,Raw / Unprepared
"lettuce,ice-burg",10,95.5,15.0,0.9,0.2,0.6,0.5,2.3,9.0,213.0,12.0,29.0,3.0,1.1,0.15,0.09,12,8,0.06,0.06,,Vegetables,Leafy Greens & Herbs,Raw / Unprepared
"lettuce, leaves ",46,95.0,16.0,1.1,0.3,0.8,0.7,2.1,7.0,125.0,28.0,22.0,10.0,1,0.15,0.08,181,10,0.05,0.07,,Vegetables,Leafy Greens & Herbs,Raw / Unprepared
"lettuce,rice stuff",0,72.0,124.0,3.1,4,1.1,1.0,18.8,320.0,185.0,20.0,,,0.7,0.3,,,,,,,Vegetables,Leafy Greens & Herbs,Prepared / Cooked Dish
"lettuce,rice/meat stuff",0,70.0,147.0,5,7,1.1,0.9,16.0,308.0,188.0,27.0,67.0,,0.9,0.62,,,,,,,Vegetables,Leafy Greens & Herbs,Prepared / Cooked Dish
mallow,10,83.3,55.0,5,0.6,2.3,1.3,7.5,48.0,296.0,258.0,77.0,16.0,4.5,3.6,0.12,1272,34,0.12,0.16,,Vegetables,Leafy Greens & Herbs,Raw / Unprepared
" mallow,cooked",0,80.0,99.0,3,5.6,1.4,0.9,9.1,352.0,154.0,,98.0,65.0,,2.7,1.64,,,,,,Vegetables,Leafy Greens & Herbs,Prepared / Cooked Dish
mint,53,84.6,52.0,3.7,1.2,1.2,2.8,6.5,2.0,160.0,160.0,74.0,16.0,1.2,0.4,0.14,394,26,0.09,0.22,,Vegetables,Leafy Greens & Herbs,Raw / Unprepared
mashrooms,0,90.8,31.0,2.5,0.1,1.0,0.5,5.1,10.0,346.0,6.0,120.0,11.0,0.6,0.72,0.65,0,2,0.1,0.4,,Vegetables,Fungi (Mushroom),Raw / Unprepared
"mashrooms,canned",0,91.6,27.0,3.2,0.1,1.2,0.5,3.4,491.0,228.0,20.0,56.0,16.0,0.45,0.52,0.46,0,0,0.02,0.25,,Vegetables,Fungi (Mushroom),Processed / Preserved
okra,20,86.5,47.0,2,0.2,1.0,1.0,9.3,11.0,210.0,98.0,74.0,25.0,1.9,0.58,0.16,13,20,0.1,0.12,,Vegetables,"Other Vegetables (artichoke, okra, fennel, celery, grape leaves)",Raw / Unprepared
"okra,cooked",0,85.0,72.0,2.8,3.6,0.7,0.7,7.2,375.0,213.0,59.0,50.0,,1.23,0.38,,,,,,,Vegetables,"Other Vegetables (artichoke, okra, fennel, celery, grape leaves)",Prepared / Cooked Dish
okracooked with meat ,0,82.9,89.0,5.1,5,0.6,0.6,5.8,386.0,246.0,42.0,40.0,,1.58,0.49,,,,,,,Vegetables,"Other Vegetables (artichoke, okra, fennel, celery, grape leaves)",Prepared / Cooked Dish
"olives,black pickled",20,69.5,158.0,1.5,12,5.1,1.0,10.9,905.0,137.0,158.0,,,1.5,,,30,0,,,,Vegetables,Pickled Vegetables,Processed / Preserved
"olives,green pickled",20,82.7,88.0,1,8,4.4,1.0,2.9,899.0,150.0,105.0,,,1.4,,,23,0,,,,Vegetables,Pickled Vegetables,Processed / Preserved
onions green pickled,40,86.6,49.0,1.1,0.2,0.5,0.9,10.7,10.0,224.0,125.0,50.0,8.0,1.05,0.07,0.1,60,18,0.04,0.05,,Vegetables,Pickled Vegetables,Processed / Preserved
"onions , mature bulb",8,83.9,60.0,1.2,0.2,0.7,0.7,13.3,13.0,139.0,35.0,56.0,12.0,0.5,0.1,0.15,9,7,0.03,0.04,,Vegetables,Root & Bulb Vegetables,Raw / Unprepared
"onions , pickled",0,82.5,53.0,0.5,0.2,3.2,1.4,12.2,840.0,66.0,30.0,,,0.1,,,T,0,,,,Vegetables,Pickled Vegetables,Processed / Preserved
parsley,35,84.6,50.0,3.3,0.4,2.2,1.3,8.2,30.0,723.0,210.0,54.0,39.0,6.55,0.185,0.18,1272,156,0.12,0.32,,Vegetables,Leafy Greens & Herbs,Raw / Unprepared
peas,60,75.3,89.0,6.2,0.4,0.9,2.1,15.1,3.0,286.0,20.0,122.0,19.0,1.7,1.26,0.03,555,25,0.32,0.18,,Vegetables,Legume Vegetables,Raw / Unprepared
"peas/carrot,cooked",0,86.0,68.0,4.1,3,1.0,1.2,4.7,415.0,260.0,17.0,61.0,,1.1,1,,,,,,,Vegetables,Root & Bulb Vegetables,Prepared / Cooked Dish
"peppers,green",15,92.2,24.0,1.3,0.3,0.6,1.5,4.1,25.0,195.0,15.0,25.0,14.0,0.9,0.3,0.1,30,110,0.06,0.04,,Vegetables,Nightshades (Eggplant/Tomato/Pepper),Raw / Unprepared
"peppers,orange/red/yellow",10,90.0,34.0,1.2,0.3,0.7,1.2,6.6,40.0,62.0,5.0,,3.0,0.95,0.21,,,82,,,,Vegetables,Nightshades (Eggplant/Tomato/Pepper),Raw / Unprepared
pumpkin,35,91.8,26.0,1,0.1,0.8,1.1,5.2,2.0,310.0,25.0,33.0,15.0,0.7,0.24,0.02,330,7,0.04,0.06,,Vegetables,Gourds & Squash,Raw / Unprepared
Purslane,28,90.5,31.0,2,0.5,1.5,1.0,4.5,30.0,610.0,95.0,28.0,6.0,3.2,0.1,,606,65,0.14,0.13,,Vegetables,Leafy Greens & Herbs,Raw / Unprepared
"Radishes, red",45,94.0,19.0,1.2,0.1,0.7,0.8,3.2,21.0,246.0,27.0,33.0,17.0,0.99,0.33,0.15,,24,0.03,0.04,,Vegetables,Root & Bulb Vegetables,Raw / Unprepared
"Radishes, white",28,91.6,27.0,1.4,0.1,0.9,1.0,5.0,18.0,292.0,56.0,27.0,12.0,0.8,0.17,0.11,,30,0.02,0.04,,Vegetables,Root & Bulb Vegetables,Raw / Unprepared
"Radishes, white root / leaves",0,91.0,26.0,2,0.4,1.8,1.1,3.7,20.0,320.0,213.0,,,1.8,0.3,,,35,,,,Vegetables,Root & Bulb Vegetables,Raw / Unprepared
Spinach,20,92.4,22.0,2.5,0.3,1.7,0.7,2.4,58.0,540.0,92.0,47.0,54.0,4.2,0.4,0.19,1054,32,0.11,0.19,,Vegetables,Leafy Greens & Herbs,Raw / Unprepared
"Spinach, cooked ",0,88.6,57.0,2,3.9,1.1,1.0,3.4,405.0,323.0,55.0,28.0,,2.91,0.28,,,,,,,Vegetables,Leafy Greens & Herbs,Prepared / Cooked Dish
"Spinach, cooked with meat ",0,86.0,75.0,4,5.2,1.0,0.7,3.1,394.0,375.0,63.0,34.0,,3.2,0.24,,,,,,,Vegetables,Leafy Greens & Herbs,Prepared / Cooked Dish
Squash,15,92.8,24.0,1.3,0.2,0.7,0.8,4.2,6.0,200.0,25.0,31.0,12.0,0.5,0.19,0.05,12,12,0.04,0.09,,Vegetables,Gourds & Squash,Raw / Unprepared
"Squash, cooked ",0,89.6,55.0,1.9,3.4,0.5,0.3,4.3,389.0,212.0,20.0,29.0,,0.43,0.18,,,,,,,Vegetables,Gourds & Squash,Prepared / Cooked Dish
" Squash, cooked with meat ",0,88.1,67.0,3.4,4.6,0.5,0.5,2.9,350.0,204.0,18.0,22.0,,0.8,0.2,,,,,,,Vegetables,Gourds & Squash,Prepared / Cooked Dish
"Squash, rice stuff",0,75.5,103.0,2.1,2.7,1.1,1.0,17.6,440.0,245.0,13.0,76.0,,0.7,0.5,,,,,,,Vegetables,Gourds & Squash,Prepared / Cooked Dish
"Squash, rice/meat stuff",0,75.0,112.0,3,4,1.1,0.9,16.0,404.0,222.0,12.0,75.0,,0.8,0.52,,,,,,,Vegetables,Gourds & Squash,Prepared / Cooked Dish
Tomatoes,3,94.3,20.0,1.1,0.3,0.6,0.6,3.1,10.0,328.0,15.0,30.0,12.0,0.5,0.2,0.12,95,21,0.05,0.05,,Vegetables,Nightshades (Eggplant/Tomato/Pepper),Raw / Unprepared
Tomato. ketchup,0,66.7,126.0,1.6,0.6,2.2,0.3,28.6,743.0,597.0,20.0,40.0,22.0,1.2,0.3,0.4,,13,0.07,0.04,,Vegetables,Nightshades (Eggplant/Tomato/Pepper),Raw / Unprepared
"Tomatoes,roots",0,78.0,78.0,3.8,0.4,2.5,0.5,14.8,807.0,514.0,25.0,83.0,28.0,3.1,0.51,0.2,285,15,0.19,0.11,,Vegetables,Nightshades (Eggplant/Tomato/Pepper),Raw / Unprepared
"Turnips, roots",23,91.8,27.0,1.2,0.2,0.9,0.7,5.2,48.0,270.0,36.0,33.0,10.0,0.5,0.15,0.05,0,30,0.04,0.04,,Vegetables,Root & Bulb Vegetables,Raw / Unprepared
"Vegetables, pickled",0,89.0,16.0,1.1,0,6.5,0.4,3.0,956.0,258.0,150.0,,,0.9,0.09,,T,6,0.03,0.03,,Vegetables,Pickled Vegetables,Processed / Preserved
Apples,11,84.5,57.0,0.4,0.2,0.6,0.8,13.5,5.0,125.0,5.0,12.0,6.0,0.3,0.08,0.07,5,7,0.05,0.03,,Fruits,Fruits,Raw / Unprepared
apricots,10,84.6,58.0,0.9,0.4,0.7,0.7,12.7,3.0,304.0,15.0,25.0,11.0,0.5,0.2,0.1,256,12,0.04,0.06,,Fruits,Fruits,Raw / Unprepared
"apricots,dried",0,24.0,282.0,4.5,0.6,3.1,3.2,64.6,18.0,1615.0,86.0,120.0,40.0,5,0.63,0.3,590,2,0.01,0.18,,Fruits,Fruits,Processed / Preserved
avocado,30,73.0,165.0,2.2,14,1.8,1.5,7.5,3.0,594.0,15.0,,,1.05,0.9,,,12,0.12,0.19,,Fruits,Fruits,Raw / Unprepared
bananas,33,75.2,95.0,1.3,0.3,0.9,0.6,21.7,3.0,350.0,10.0,25.0,30.0,0.6,21,0.18,28,8,0.04,0.05,,Fruits,Fruits,Raw / Unprepared
cantaloupe,42,90.8,33.0,0.8,0.1,0.6,0.4,7.3,18.0,280.0,15.0,18.0,20.0,0.5,0.15,0.05,219,23,0.05,0.04,,Fruits,Fruits,Raw / Unprepared
 Custard-apple,38,76.5,85.0,2.9,0.5,1.4,1.4,17.3,25.0,436.0,20.0,38.0,44.0,0.77,0.9,0.2,,27,0.1,0.06,,Fruits,Fruits,Raw / Unprepared
Dates,20,70.0,115.0,0.9,0.2,0.7,0.9,27.3,2.0,300.0,22.0,26.0,18.0,.1.1,0.13,0.12,4,11,0.05,0.06,,Fruits,Fruits,Raw / Unprepared
"Dates, dried (Agwa)",0,18.0,315.0,2.3,0.5,1.7,2.2,75.3,3.0,690.0,62.0,61.0,44.0,3.2,0.4,0.3,10,0,0.08,0.1,,Fruits,Fruits,Processed / Preserved
Figs,5,80.4,72.0,1.3,0.4,0.6,1.5,15.8,4.0,180.0,62.0,28.0,25.0,1.05,0.22,0.05,27,4,0.07,0.06,,Fruits,Fruits,Raw / Unprepared
Figs-driea,0,20.3,293.0,4.1,1.1,2.2,5.7,66.6,13.0,901.0,130.0,80.0,65.0,3.53,0.9,0.23,,0,0.12,0.11,,Fruits,Fruits,Raw / Unprepared
Grapefruis,37,88.7,43.0,0.6,0.1,0.4,0.4,9.8,5.0,140.0,15.0,18.0,12.0,0.2,0.12,0.03,2,35,0.03,0.02,,Fruits,Fruits,Raw / Unprepared
"Grapea, seedless ",0,80.4,77.0,0.6,0.6,0.5,0.7,17.2,5.0,242.0,17.0,22.0,9.0,0.36,0.09,0.12,3,5,0.07,0.03,,Fruits,Fruits,Raw / Unprepared
Guavas,5,81.2,62.0,0.8,0.5,0.6,3.4,13.5,8.0,255.0,23.0,44.0,25.0,0.8,0.46,0.12,20,227,0.05,0.05,,Fruits,Fruits,Raw / Unprepared
Husk tomatoes,3,79.7,75.0,2.7,0.3,0.8,1.0,15.3,15.0,146.0,27.0,42.0,,0.47,0.52,,7,13,0.09,0.08,,Fruits,Fruits,Raw / Unprepared
jujuba ,25,76.0,89.0,1.4,0.2,0.7,1.4,20.3,5.0,280.0,34.0,27.0,,0.8,,,,65,,,,Fruits,Fruits,Raw / Unprepared
kiwifruit,12,85.0,54.0,1.9,0.6,0.7,1.6,10.2,3.0,210.0,30.0,,,0.3,0.1,,,95,0.01,0.02,,Fruits,Fruits,Raw / Unprepared
lemons,38,91.3,32.0,0.8,0.2,0.4,0.6,6.7,4.0,195.0,32.0,14.0,12.0,0.5,0.15,0.22,4,75,0.05,0.03,,Fruits,Fruits,Raw / Unprepared
lemons sweet,36,90.6,37.0,0.6,0.5,0.3,0.4,7.6,6.0,140.0,29.0,20.0,11.0,0.35,0.24,0.23,4,36,0.03,0.02,,Fruits,Fruits,Raw / Unprepared
lime,42,91.1,33.0,0.6,0.3,0.4,0.7,6.9,5.0,160.0,27.0,22.0,15.0,0.4,0.12,0.21,T,50,0.04,0.01,,Fruits,Fruits,Raw / Unprepared
loquate,50,87.0,51.0,0.3,0.6,0.4,0.7,11.0,12.0,238.0,15.0,25.0,,0.43,,,250,5,,,,Fruits,Fruits,Raw / Unprepared
mandarin,31,86.9,48.0,0.7,0.2,0.5,0.9,10.8,7.0,147.0,39.0,22.0,16.0,0.5,0.4,0.04,13,26,0.09,0.03,,Fruits,Fruits,Raw / Unprepared
mangos,43,81.8,68.0,0.8,0.3,0.5,1.1,15.5,10.0,200.0,15.0,17.0,8.0,0.5,0.18,0.11,250,30,0.04,0.04,,Fruits,Fruits,Raw / Unprepared
melons,28,91.5,30.0,0.8,0.2,0.6,0.6,6.3,8.0,270.0,10.0,14.0,8.0,0.4,0.2,0.12,18,22,0.05,0.03,,Fruits,Fruits,Raw / Unprepared
mulberry,5,79.6,76.0,1.6,0.5,0.8,1.2,16.3,25.0,236.0,55.0,35.0,17.0,1.8,1.3,0.06,3,10,0.05,0.07,,Fruits,Fruits,Raw / Unprepared
oranges,28,85.5,50.0,1.1,0.3,0.4,0.6,12.1,3.0,181.0,37.0,28.0,7.0,0.3,0.2,0.07,8,55,0.08,0.04,,Fruits,Fruits,Raw / Unprepared
papaya,25,88.0,44.0,0.6,0.2,0.6,0.6,10.0,5.0,237.0,25.0,18.0,22.0,0.57,0.3,,124,59,0.03,0.03,,Fruits,Fruits,Raw / Unprepared
peaches,11,86.2,51.0,0.7,0.2,0.5,0.7,11.7,3.0,280.0,15.0,22.0,11.0,0.8,0.2,0.04,43,12,0.02,0.04,,Fruits,Fruits,Raw / Unprepared
pears,22,83.8,58.0,0.3,0.2,0.7,1.3,13.7,5.0,144.0,10.0,12.0,10.0,0.4,0.14,0.12,2,2,0.03,0.05,,Fruits,Fruits,Raw / Unprepared
persimmon,30,77.0,85.0,0.9,0.5,1.3,1.0,19.3,4.0,179.0,12.0,22.0,10.0,0.4,0.14,0.11,157,12,0.05,0.03,,Fruits,Fruits,Raw / Unprepared
pineapple,46,85.7,55.0,0.5,0.2,0.4,0.5,12.7,0.3,219.0,15.0,12.0,16.0,0.55,0.22,0.06,8,15,0.1,0.05,,Fruits,Fruits,Raw / Unprepared
Plums,15,86.8,50.0,0.7,0.2,0.4,0.6,11.3,2.0,260.0,19.0,21.0,11.0,0.6,0.05,0.08,71,5,0.04,0.03,,Fruits,Fruits,Raw / Unprepared
Pomegranate,40,80.7,68.0,0.7,0.4,0.6,2.1,15.5,5.0,280.0,15.0,30.0,8.0,0.3,0.14,0.07,2,16,0.08,0.06,,Fruits,Fruits,Raw / Unprepared
Prickly pears,45,86.5,31.0,1,0.9,0.3,6.5,4.8,5.0,150.0,50.0,35.0,18.0,1.4,0.72,0.24,13,18,0.03,0.04,,Fruits,Fruits,Raw / Unprepared
"Prunes, dried",0,22.5,299.0,2.3,0.5,1.0,2.5,71.2,12.0,850.0,41.0,61.0,,2.2,0.5,,145,2,0.12,0.25,,Fruits,Fruits,Processed / Preserved
Raisins,0,17.0,320.0,2.4,0.3,1.8,1.6,76.9,30.0,740.0,63.0,90.0,34.0,1.64,0.16,0.18,T,0,0.12,0.09,,Fruits,Fruits,Raw / Unprepared
Raspberries,5,83.5,60.0,1.3,0.5,0.7,1.5,12.5,2.0,155.0,30.0,27.0,25.0,1.2,0.35,0.11,,22,0.04,0.07,,Fruits,Fruits,Raw / Unprepared
Strawberries,7,90.3,34.0,0.8,0.4,0.6,1.2,6.7,2.0,185.0,26.0,24.0,15.0,0.9,0.1,0.11,0.6,40,0.04,0.05,,Fruits,Fruits,Raw / Unprepared
Sycamore,2,82.0,66.0,0.9,0.3,1.3,0.5,15.0,9.0,183.0,19.0,,,1.7,,,,13,0.03,0.09,,Fruits,Fruits,Raw / Unprepared
Watermelons,48,92.8,26.0,0.4,0.1,0.4,0.4,5.9,2.0,90.0,6.0,11.0,7.0,0.4,0.4,0.06,6,5,0.03,0.04,,Fruits,Fruits,Raw / Unprepared
"Candy, fruit favor (hard)",0,1.5,392.0,0,0,0.5,0.0,98.0,75.0,10.0,,,,,,,0,0,0.0,0.0,,"Sweets, Confectionery & Desserts","Sweets, Confectionery & Desserts",Prepared / Cooked Dish
"Candy,folia",0,2.3,444.0,7.8,12,0.9,0.9,76.1,77.0,,19.0,,,0.75,0.74,,20,0,,,,"Sweets, Confectionery & Desserts","Sweets, Confectionery & Desserts",Prepared / Cooked Dish
"Candy, Homosia",0,3.5,387.0,6.5,1.7,0.9,0.9,86.5,27.0,405.0,77.0,215.0,,2.3,1.7,,0.9,0,0.24,0.1,,"Sweets, Confectionery & Desserts","Sweets, Confectionery & Desserts",Prepared / Cooked Dish
"Candy,jellybeans",0,12.0,353.0,2.6,0.3,0.2,0.0,84.9,46.0,,,,,,,,0,0,0.0,0.0,,"Sweets, Confectionery & Desserts","Sweets, Confectionery & Desserts",Prepared / Cooked Dish
"Candy, Koozassal",0,2.3,387.0,2.4,0.5,1.5,0.0,93.3,33.0,,41.0,,,9.2,0.87,,0,0,,,,"Sweets, Confectionery & Desserts","Sweets, Confectionery & Desserts",Prepared / Cooked Dish
"Candy, Malban",0,5.0,382.0,0.8,0.5,0.2,0.0,93.5,40.0,,9.0,,,0.05,0,,0,0,0.0,0.0,,"Sweets, Confectionery & Desserts","Sweets, Confectionery & Desserts",Prepared / Cooked Dish
Candy Nogha with nuts,0,3.7,397.0,7.7,3.3,1.1,0.0,84.2,66.0,,90.0,,,1.6,1.5,,T,0,0.0,0.0,,"Sweets, Confectionery & Desserts","Sweets, Confectionery & Desserts",Prepared / Cooked Dish
"Candy,semsemia",0,1.9,443.0,6,12,1.1,1.3,77.7,16.0,,177.0,,,2.8,2.1,,5,0,,,,"Sweets, Confectionery & Desserts","Sweets, Confectionery & Desserts",Prepared / Cooked Dish
"Candy, Toffee",0,5.0,392.0,4,4,2.0,0.0,85.0,178.0,122.0,105.0,,,0.3,0.2,,T,0,0.0,0.0,,"Sweets, Confectionery & Desserts","Sweets, Confectionery & Desserts",Prepared / Cooked Dish
Chewing gum,0,,320.0,,,,,80.0,,,,,,,,,,,,,,"Sweets, Confectionery & Desserts","Sweets, Confectionery & Desserts",Raw / Unprepared
"Chocolate, milk",0,2.5,513.0,8,27,2.0,1.0,59.5,142.0,373.0,170.0,202.0,45.0,1.4,0.2,,T,0,0.06,21.0,,"Sweets, Confectionery & Desserts","Sweets, Confectionery & Desserts",Prepared / Cooked Dish
"Chocolate, coconuts ",0,5.3,469.0,4,20,1.2,1.3,68.2,155.0,300.0,73.0,130.0,40.0,1.2,0.3,,T,0,0.04,0.1,,"Sweets, Confectionery & Desserts","Sweets, Confectionery & Desserts",Prepared / Cooked Dish
"candy,assalia",0,2.5,387.0,1.6,0.7,1.6,0.0,93.6,30.0,,26.0,,,7.2,0.63,,0,0,0.2,0.04,,"Sweets, Confectionery & Desserts","Sweets, Confectionery & Desserts",Prepared / Cooked Dish
"Chocolate, nuts",0,2.1,530.0,9.3,30,1.9,1.1,55.6,103.0,310.0,132.0,234.0,12.0,1.6,0.6,,T,0,0.09,0.4,,"Sweets, Confectionery & Desserts","Sweets, Confectionery & Desserts",Prepared / Cooked Dish
Corn syrup,0,20.5,317.0,T,T,0.2,,79.3,20.0,3.0,8.0,16.0,,,,,,,,,,"Sweets, Confectionery & Desserts","Sweets, Confectionery & Desserts",Raw / Unprepared
Halawa Tehinia,0,2.1,520.0,11.2,27.5,1.0,1.2,57.0,22.0,95.0,42.0,386.0,20.0,3,2.2,0.4,T,0,0.42,0.12,,"Sweets, Confectionery & Desserts","Sweets, Confectionery & Desserts",Prepared / Cooked Dish
Halawa Tehinia with nuts ,0,1.8,519.0,12.1,28,1.5,2.0,54.6,48.0,,76.0,,,3.2,,,T,0,,,,"Sweets, Confectionery & Desserts","Sweets, Confectionery & Desserts",Prepared / Cooked Dish
Honey,0,17.4,329.0,0.3,,0.3,,82.0,6.0,50.0,11.0,10.0,4.0,0.6,0.08,0.04,T,3,0.02,0.05,,"Sweets, Confectionery & Desserts","Sweets, Confectionery & Desserts",Raw / Unprepared
Jams,0,28.8,283.0,0.7,0.1,0.4,0.3,69.7,14.0,95.0,16.0,10.0,9.0,1.2,0.03,0.2,T,9,0.02,0.04,,"Sweets, Confectionery & Desserts","Sweets, Confectionery & Desserts",Raw / Unprepared
Jelly powder,0,1.8,390.0,10,T,0.8,,87.4,325.0,,,,,,,,,,,,,"Sweets, Confectionery & Desserts","Sweets, Confectionery & Desserts",Processed / Preserved
Molasses,0,26.0,280.0,0,0,4.0,0.0,70.0,88.0,1400.0,29.0,,,5.71,0.68,1.8,0,0,0.07,0.13,,"Sweets, Confectionery & Desserts","Sweets, Confectionery & Desserts",Raw / Unprepared
Oriental Baklava,0,15.0,450.0,4.8,23,0.7,0.5,56.0,,,,,,,,,,,,,,"Sweets, Confectionery & Desserts","Sweets, Confectionery & Desserts",Prepared / Cooked Dish
Oriental Baklava (assorted),0,8.2,531.0,6.3,34.3,1.0,0.9,49.3,,,,,,,,,,,,,,"Sweets, Confectionery & Desserts","Sweets, Confectionery & Desserts",Prepared / Cooked Dish
Oriental Balah El-sham,0,10.0,420.0,5.3,12.7,0.4,0.4,71.2,,,,,,,,,,,,,,"Sweets, Confectionery & Desserts","Sweets, Confectionery & Desserts",Prepared / Cooked Dish
Oriental Basbusa,0,17.5,355.0,4.9,6,0.6,0.7,70.3,,,,,,,,,,,,,,"Sweets, Confectionery & Desserts","Sweets, Confectionery & Desserts",Prepared / Cooked Dish
"Oriontal Basbuse,nuts",0,15.0,375.0,5.4,8,0.5,0.8,70.3,,,,,,,,,,,,,,"Sweets, Confectionery & Desserts","Sweets, Confectionery & Desserts",Raw / Unprepared
Oriental Eish saraya (cream),0,7.7,426.0,2.5,12.5,0.9,0.5,75.9,,,,,,,,,,,,,,"Sweets, Confectionery & Desserts","Sweets, Confectionery & Desserts",Prepared / Cooked Dish
Oriental Gohraiba ,0,4.3,533.0,5.5,31,0.5,0.7,58.0,,,,,,,,,,,,,,"Sweets, Confectionery & Desserts","Sweets, Confectionery & Desserts",Prepared / Cooked Dish
Oriental kaak eid,0,3.9,518.0,7,27.6,0.5,0.5,60.5,,,,,,,,,,,,,,"Sweets, Confectionery & Desserts","Sweets, Confectionery & Desserts",Prepared / Cooked Dish
 Oriental Katait ,0,28.0,348.0,5,12.8,0.5,0.6,53.1,,,,,,,,,,,,,,"Sweets, Confectionery & Desserts","Sweets, Confectionery & Desserts",Prepared / Cooked Dish
"Oriental Kunafa , cream",0,27.2,361.0,3,14.5,0.3,0.5,54.5,,,,,,,,,,,,,,"Sweets, Confectionery & Desserts","Sweets, Confectionery & Desserts",Prepared / Cooked Dish
"Oriental Kunafa,nuts",0,6.6,487.0,5.8,23.7,0.6,0.8,62.5,,,,,,,,,,,,,,"Sweets, Confectionery & Desserts","Sweets, Confectionery & Desserts",Prepared / Cooked Dish
Oriental lukmet el-kady,0,11.9,396.0,3.9,9.5,0.5,0.5,73.7,,,,,,,,,,,,,,"Sweets, Confectionery & Desserts","Sweets, Confectionery & Desserts",Prepared / Cooked Dish
 Oriental Maamout ,0,3.3,500.0,6,24,1.1,1.0,64.3,171.0,,76.0,,,,,,,,,,,"Sweets, Confectionery & Desserts","Sweets, Confectionery & Desserts",Prepared / Cooked Dish
"Sugar, sucrose",0,0.5,398.0,0,0,0.0,0.0,99.5,,,,,,,,,,,,,,"Sweets, Confectionery & Desserts","Sweets, Confectionery & Desserts",Raw / Unprepared
"Sugar, fructose",0,1.0,396.0,,,0.1,,98.9,,,,,,,,,,,,,,"Sweets, Confectionery & Desserts","Sweets, Confectionery & Desserts",Raw / Unprepared
Sweeteners,0,1.5,399.0,0,0.9,0.0,0.0,97.6,,,,,,,,,,,,,,"Sweets, Confectionery & Desserts","Sweets, Confectionery & Desserts",Raw / Unprepared
Topping (chocolate),0,24.2,400.0,1.9,20.7,1.7,0.0,51.5,,180.0,,,,,,,,,,,,"Sweets, Confectionery & Desserts","Sweets, Confectionery & Desserts",Prepared / Cooked Dish
"Beef, Basterma",0,47.2,201.0,28.6,5.8,8.3,1.5,8.5,2200.0,285.0,105.0,318.0,36.0,6.9,7.5,0.72,13,0,0.15,0.27,,Meat & Poultry,Processed/Cured Beef,Processed / Preserved
"Beef, Basterma meat",0,58.6,29.9,4,7.5,0.0,0.0,1500.0,212.0,45.0,,270.0,29.0,4,7.1,0.15,T,0,,,,Meat & Poultry,Processed/Cured Beef,Processed / Preserved
"Beef, brain",0,79.3,121.0,10.4,8.5,1.2,0.0,0.6,122.0,255.0,10.0,374.0,15.0,1.4,1.2,0.24,83,12,0.18,0.24,,Meat & Poultry,Beef & Organ Meats,Raw / Unprepared
"Beef, brain (fried)",0,53.0,251.0,13.7,13.9,1.7,0.0,17.7,665.0,273.0,87.0,,,1.52,1.09,0.3,,,,,,Meat & Poultry,Beef & Organ Meats,Prepared / Cooked Dish
"Beef, burger",0,59.4,256.0,18,20,1.6,0.0,1.0,613.0,276.0,75.0,166.0,19.0,2.8,3.5,0.24,T,0,0.05,0.18,,Meat & Poultry,Beef & Organ Meats,Raw / Unprepared
Beer. burger (grilled),0,55.3,263.0,21.1,19,2.6,0.0,0.0,750.0,150.0,31.0,,,3.1,4,,T,0,,,,Meat & Poultry,Processed/Cured Beef,Prepared / Cooked Dish
Beer. frankhurter,0,60.0,22415.2,16.1,3.1,14.6,1052.0,230.0,68.0,127.0,74.0,2.5,3.7,0.07,T,0.0,0.16,0.2,,,,Meat & Poultry,Processed/Cured Beef,Processed / Preserved
"Beef, head",73,64.0,212.0,20.2,14.5,1.2,0.0,0.1,,,,,,,,,,,,,,Meat & Poultry,Beef & Organ Meats,Raw / Unprepared
"Beef, head meat (boiled)",0,57.4,239.0,25.1,15.2,1.9,0.0,0.4,,,,,,5.5,4.4,0.28,,,,,,Meat & Poultry,Beef & Organ Meats,Prepared / Cooked Dish
"Beef, heart",0,76.5,112.0,16.5,4.3,1.0,0.0,1.7,90.0,310.0,12.0,288.0,17.0,4.6,2,0.41,5,5,0.32,0.92,,Meat & Poultry,Beef & Organ Meats,Raw / Unprepared
Beef. kidnevs,0,75.9,121.0,16.5,5.8,1.0,0.0,0.8,184.0,215.0,10.0,234.0,12.0,5.8,1.8,0.51,266,10,0.27,1.8,,Meat & Poultry,Beef & Organ Meats,Raw / Unprepared
Beef. kunckle,65,71.0,137.0,23,5,1.0,0.0,0.0,62.0,134.0,,,,0.4,1.6,,,,,,,Meat & Poultry,Beef & Organ Meats,Raw / Unprepared
"Beef, liver",0,70.5,132.0,19.5,4,1.6,0.0,4.4,88.0,303.0,10.0,352.0,14.0,7.8,7.7,0.8,12121,25,0.26,3.1,,Meat & Poultry,Beef & Organ Meats,Raw / Unprepared
"Beef, luncheon",0,66.3,155.0,16.3,7.5,3.1,1.2,5.6,1250.0,222.0,25.0,200.0,17.0,2.6,4,0.1,T,0,0.25,0.24,,Meat & Poultry,Processed/Cured Beef,Processed / Preserved
"Beef, Iung",0,79.5,88.0,17.1,2.2,1.2,0.0,0.0,50.0,218.0,10.0,204.0,12.0,5.8,2.4,0.04,46,0,0.07,0.28,,Meat & Poultry,Beef & Organ Meats,Raw / Unprepared
Beet. meat,0,67.4,186.0,19.6,11.9,1.1,0.0,0.0,72.0,375.0,15.0,171.0,22.0,3.4,4.8,0.1,5,0,0.07,0.11,,Meat & Poultry,Beef & Organ Meats,Raw / Unprepared
"iicet, meat rodnd",0,65.0,216.0,118,16,1.0,0.0,0.0,69.0,210.0,14.0,180.0,17.0,2.7,4,0.11,T,0,,,,Meat & Poultry,Beef & Organ Meats,Raw / Unprepared
"Beef, meat (Kofta, fried)",0,60.0,245.0,17.5,18.1,1.3,0.2,2.9,418.0,155.0,12.0,196.0,,2.5,0.95,,,,,,,Meat & Poultry,Beef & Organ Meats,Prepared / Cooked Dish
"Beef, meat (Kofta, gritted)",0,52.0,271.0,21.2,18.2,3.1,0.0,5.5,525.0,122.0,35.0,,,2.43,2.75,,,,,,,Meat & Poultry,Beef & Organ Meats,Prepared / Cooked Dish
"Beef, meat (Kofta/rice)",0,70.0,149.0,10.6,7,0.8,0.6,11.0,418.0,122.0,20.0,122.0,,1.7,1.9,0.09,,,,,,Meat & Poultry,Beef & Organ Meats,Prepared / Cooked Dish
"Beef, meat (Kubeba, fried)",0,48.2,237.0,11.5,8.8,2.8,0.7,28.0,628.0,290.0,9.0,,17.0,2.5,1.8,0.14,,,,,,Meat & Poultry,Beef & Organ Meats,Prepared / Cooked Dish
Beef meat (brown sause),0,72.1,159.0,14,11,1.7,0.3,0.9,412.0,315.0,20.0,155.0,,1.6,2.2,,,,,,,Meat & Poultry,Beef & Organ Meats,Prepared / Cooked Dish
"Beef, meat corned (canned)",0,60.0,213.0,24.8,11.8,1.5,0.0,1.9,880.0,152.0,12.0,150.0,17.0,3.3,4.5,0.26,T,0,0.02,0.18,,Meat & Poultry,Processed/Cured Beef,Processed / Preserved
"Beef, sausage",0,50.0,312.0,15,24,2.0,0.0,9.0,810.0,175.0,35.0,172.0,16.0,1.4,1.6,0.16,T,0,0.05,0.11,,Meat & Poultry,Processed/Cured Beef,Processed / Preserved
"Beef, sausage grilled",0,48.0,291.0,17,18.5,2.5,0.0,14.0,1090.0,180.0,45.0,210.0,17.0,1.8,1.7,0.26,,,,,,Meat & Poultry,Processed/Cured Beef,Prepared / Cooked Dish
"Beef, spleen",0,77.0,97.0,18,2.1,1.4,0.0,1.5,108.0,415.0,9.0,218.0,11.0,10.6,2.4,0.12,,,0.12,0.34,,Meat & Poultry,Beef & Organ Meats,Raw / Unprepared
"Beef, tongue",0,67.0,201.0,16.8,14.6,1.0,0.0,0.6,88.0,304.0,10.0,174.0,12.0,4.6,3.1,0.05,T,0,0.12,0.28,,Meat & Poultry,Beef & Organ Meats,Raw / Unprepared
"Beef, tongue boiled",11,52.0,298.0,23.4,22.1,1.2,0.0,1.3,124.0,131.0,25.0,201.0,16.0,3,2,,,,,,,Meat & Poultry,Beef & Organ Meats,Prepared / Cooked Dish
"Buffalo, meat",0,65.4,210.0,18.8,15,0.8,0.0,0.0,63.0,370.0,25.0,180.0,30.0,4.2,3.6,0.24,,0,0.21,0.35,,Meat & Poultry,Other Red Meat,Raw / Unprepared
"Camel, Liver",0,68.0,143.0,20.7,4.4,1.7,0.0,5.2,37.0,150.0,35.0,,13.0,7,2.2,0.9,,,,,,Meat & Poultry,Other Red Meat,Raw / Unprepared
"Camel, meat",0,76.2,108.0,19,3.6,1.2,0.0,0.0,187.0,347.0,15.0,160.0,12.0,7.8,8.2,1.22,8,0,0.38,0.76,,Meat & Poultry,Other Red Meat,Raw / Unprepared
"Chicken, frankfurter ",0,59.5,221.0,18.1,15,3.0,1.1,3.3,995.0,258.0,18.0,164.0,,1.75,1.87,,,,,,,Meat & Poultry,Poultry,Processed / Preserved
"Chicken, gizzard ",0,75.0,106.0,20.5,2.3,1.5,0.0,0.7,65.0,240.0,10.0,105.0,,2.9,,,,,0.02,0.2,,Meat & Poultry,Poultry,Raw / Unprepared
"Chicken, Liver",0,73.6,122.0,17.6,4.6,1.7,0.0,2.5,45.0,166.0,20.0,240.0,13.0,10.5,3.5,0.5,7500,20,0.35,2.8,,Meat & Poultry,Poultry,Raw / Unprepared
"Chicken, Luncheon",0,67.5,144.0,18,5.5,2.2,1.5,5.5,1003.0,300.0,20.0,,,1.06,0.91,,T,0,,,,Meat & Poultry,Poultry,Processed / Preserved
"Chicken, boiled",30,65.2,193.0,21.6,11.7,1.2,0.0,0.3,91.0,206.0,14.0,190.0,26.0,2.3,2.1,,,,,,,Meat & Poultry,Poultry,Prepared / Cooked Dish
"Chicken, fried",0,46.8,316.0,22.4,22.2,2.0,0.0,6.6,540.0,348.0,15.0,,,1.23,1.37,,,,,,,Meat & Poultry,Poultry,Prepared / Cooked Dish
"Chicken, grilled",40,63.0,213.0,21.2,13.8,1.1,0.0,0.9,86.0,311.0,16.0,180.0,25.0,2,2.2,,,,,,,Meat & Poultry,Poultry,Prepared / Cooked Dish
"Chicken, meat (dark)",0,75.1,121.0,19,5,0.9,0.0,0.0,67.0,250.0,12.0,186.0,17.0,1.6,2.12,,T,0,,,,Meat & Poultry,Poultry,Raw / Unprepared
"Chicken, meat (light)",0,75.6,109.0,20.5,3,0.9,0.0,0.0,58.0,330.0,11.0,214.0,19.0,1.1,0.69,,T,0,,,,Meat & Poultry,Poultry,Raw / Unprepared
"Chicken, meat and skin",36,65.6,214.0,17.4,16,1.0,0.0,0.0,77.0,340.0,11.0,194.0,20.0,1.6,2,0.15,22,0,0.13,0.18,,Meat & Poultry,Poultry,Raw / Unprepared
"Duck, meat and skin",32,55.2,315.0,15.4,28.2,1.2,0.0,0.0,90.0,312.0,12.0,194.0,18.0,2.4,2.9,0.35,,0,0.08,0.25,,Meat & Poultry,Poultry,Raw / Unprepared
"Goat, meat",0,70.3,165.0,18.4,10.2,1.1,0.0,0.0,53.0,286.0,12.0,150.0,14.0,2.3,2.4,0.08,,0,0.18,0.26,,Meat & Poultry,Lamb & Goat,Raw / Unprepared
"Goose, meat and skin",30,51.5,346.0,16,31.3,1.2,0.0,0.0,80.0,440.0,18.0,190.0,25.0,1.5,1.7,0.26,21,0,0.08,0.25,,Meat & Poultry,Poultry,Raw / Unprepared
"Lamb, kidneys",0,78.0,109.0,16,5,1.0,0.0,0.0,168.0,217.0,10.0,245.0,12.0,8.4,2.5,0.42,100,8,,,,Meat & Poultry,Lamb & Goat,Raw / Unprepared
"Lamb, Liver",0,70.7,126.0,19.9,2.8,1.4,0.0,5.2,63.0,257.0,4.0,354.0,12.0,9.4,3.99,1.4,12000,10,,,,Meat & Poultry,Lamb & Goat,Raw / Unprepared
"Lamb, meat",0,62.2,249.0,16.5,20.3,1.0,0.0,0.0,65.0,300.0,15.0,163.0,15.0,2.5,2.7,0.6,9,0,0.12,0.19,,Meat & Poultry,Lamb & Goat,Raw / Unprepared
"Lamb, meat (Kabab)",0,52.8,273.0,23,19.3,3.1,0.0,1.8,505.0,383.0,22.0,220.0,32.0,3,3.1,,T,0,,,,Meat & Poultry,Lamb & Goat,Raw / Unprepared
"Pigeon, meat and skin",25,59.6,251.0,20,19,1.4,0.0,0.0,58.0,275.0,27.0,276.0,20.0,2.2,2.4,0.31,,0,0.1,0.18,,Meat & Poultry,Poultry,Raw / Unprepared
"Pork, meat",0,51.1,354.0,15.9,32.3,0.7,0.0,0.0,62.0,315.0,10.0,172.0,16.0,1.9,1.8,0.12,,0,0.65,0.18,,Meat & Poultry,Pork (non-halal),Raw / Unprepared
"Rabbit, meat",36,72.4,133.0,20.7,5.6,1.3,0.0,0.0,72.0,345.0,15.0,234.0,30.0,1.6,1.6,0.22,5,0,0.08,0.16,,Meat & Poultry,Other Red Meat,Raw / Unprepared
"Turkey, frankfurter ",0,61.5,187.0,19,9.9,3.0,1.1,5.5,1009.0,274.0,73.0,,20.0,1.15,1.23,0.07,T,0,,,,Meat & Poultry,Poultry,Processed / Preserved
"Turkey, Luncheon",0,68.0,129.0,20,3.5,3.0,1.1,4.4,996.0,315.0,87.0,,34.0,0.96,1.33,,T,0,,,,Meat & Poultry,Poultry,Processed / Preserved
"Turkey, meat and skin",30,70.4,151.0,21,7.4,1.2,0.0,0.0,70.0,321.0,15.0,220.0,20.0,0.99,1.6,0.18,T,0,0.11,0.12,,Meat & Poultry,Poultry,Raw / Unprepared
"Veal, meat",0,75.1,123.0,18.7,5.4,0.8,0.0,0.0,103.0,372.0,10.0,253.0,27.0,2,2.6,0.03,3,0,0.1,0.2,,Meat & Poultry,Other Red Meat,Raw / Unprepared
"Eggs, chicken, whole",12,75.2,149.0,12.6,10.8,1.1,0.0,0.3,155.0,130.0,62.0,218.0,15.0,2.5,1.5,0.14,128,0,0.14,0.36,,Eggs,Eggs,Raw / Unprepared
"Eggs, chicken, white",0,88.0,46.0,11,0.1,0.7,0.0,0.2,172.0,133.0,10.0,22.0,10.0,0.15,0.03,0.04,0,0,0.02,0.21,,Eggs,Eggs,Raw / Unprepared
"Eggs, Chicken, yolk",0,50.4,343.0,16.5,30.2,1.7,0.0,1.2,44.0,89.0,150.0,586.0,18.0,5,4,0.02,384,0,0.28,0.55,,Eggs,Eggs,Raw / Unprepared
"Eggs, duck, whole",10,71.2,177.0,13.5,13.3,1.3,0.0,0.7,115.0,233.0,58.0,217.0,18.0,3.5,1.4,0.03,178,0,0.14,0.36,,Eggs,Eggs,Raw / Unprepared
Omelet (Ijaa),0,74.1,148.0,9.9,10.5,1.5,0.5,3.5,452.0,143.0,42.0,162.0,,1.5,0.63,,,,,,,Eggs,Eggs,Prepared / Cooked Dish
Bream,49,76.5,100.0,19.4,2.4,1.4,0.0,0.3,55.0,180.0,127.0,101.0,55.0,1.21,0.4,0.21,21,0,0.02,0.14,,Fish & Seafood,Fish,Raw / Unprepared
"Bream, golden",32,79.4,79.0,17.6,1,2.0,0.0,0.0,64.0,215.0,128.0,186.0,33.0,0.94,1,0.18,18,0,0.16,0.15,,Fish & Seafood,Fish,Raw / Unprepared
"Catfish, bayad",36,77.4,102.0,18.7,3,0.9,0.0,0.0,62.0,155.0,116.0,318.0,60.0,1.05,0.6,0.23,13,2,0.1,0.21,,Fish & Seafood,Fish,Raw / Unprepared
"Catfish, river",57,80.5,81.0,16.4,1.5,1.1,0.0,0.5,92.0,174.0,75.0,177.0,43.0,1.02,0.8,0.24,17,0,0.05,0.2,,Fish & Seafood,Fish,Raw / Unprepared
"Catfish, scaled",42,75.8,112.0,18.1,4,1.3,0.0,0.8,90.0,158.0,103.0,340.0,58.0,1.01,1.1,0.24,10,2,0.11,0.12,,Fish & Seafood,Fish,Raw / Unprepared
"Catfish, salted",35,60.8,152.0,21.7,7,10.0,0.0,0.5,2210.0,188.0,132.0,350.0,64.0,1.15,0.8,0.24,15,0,0.06,0.11,,Fish & Seafood,Fish,Processed / Preserved
Crab,83,77.0,96.0,18,1.5,0.9,0.0,2.6,85.0,209.0,53.0,225.0,,1.5,4.5,,,,0.05,0.1,,Fish & Seafood,Shellfish,Raw / Unprepared
"Eel, fish",50,70.0,166.0,19,10,1.0,0.0,0.0,70.0,220.0,30.0,210.0,,0.8,0.5,,,,0.2,0.25,,Fish & Seafood,Fish,Raw / Unprepared
"Fish finger, fried",0,52.0,252.0,12,13.4,1.7,0.0,20.9,490.0,275.0,74.0,222.0,,1.01,0.4,0.04,T,,0.09,0.07,,Fish & Seafood,Fish,Prepared / Cooked Dish
"Herring, smoked",35,62.0,200.0,20,12.9,4.2,0.0,0.9,1056.0,257.0,66.0,254.0,43.0,1.53,1.2,0.2,15,0,0.02,0.12,,Fish & Seafood,Fish,Processed / Preserved
Lizard fish,49,76.8,95.0,19.4,1.5,1.4,0.0,0.9,66.0,243.0,181.0,227.0,24.0,0.83,1.2,0.16,0,0,0.14,0.16,,Fish & Seafood,Fish,Raw / Unprepared
"Lizard fish, fried",20,53.0,248.0,23.3,14.4,2.9,0.0,6.5,475.0,250.0,128.0,292.0,45.0,0.9,1.2,0.18,0,0,0.08,0.01,,Fish & Seafood,Fish,Prepared / Cooked Dish
"Mackerel , canned",0,62.7,215.0,20,15,2.2,0.0,0.1,152.0,349.0,10.0,283.0,29.0,1.93,0.61,0.05,38,0,0.09,0.29,,Fish & Seafood,Fish,Processed / Preserved
Mullet,47,73.4,133.0,19,6.3,1.3,0.0,0.0,88.0,280.0,21.0,208.0,18.0,1.3,1.53,0.19,24,1,0.07,0.15,,Fish & Seafood,Fish,Raw / Unprepared
"Mullet, grilled",42,69.1,151.0,21.5,6.7,1.5,0.0,1.2,100.0,195.0,37.0,209.0,30.0,1.2,0.9,0.21,31,0,0.05,0.09,,Fish & Seafood,Fish,Prepared / Cooked Dish
"Mullet, salted",40,62.8,154.0,20.8,7.8,8.5,0.0,0.1,1805.0,200.0,38.0,205.0,25.0,1.21,1,0.2,14,0,0.05,0.12,,Fish & Seafood,Fish,Processed / Preserved
Sardines,44,70.6,156.0,19.2,8.8,1.4,0.0,0.0,91.0,212.0,34.0,210.0,20.0,0.92,0.8,0.16,13,0,0.11,0.08,,Fish & Seafood,Fish,Raw / Unprepared
"Sardines, canned",10,58.8,227.0,22,15.4,3.7,0.0,0.1,630.0,257.0,320.0,354.0,28.0,3,2.9,0.19,15,0,0.04,0.25,,Fish & Seafood,Fish,Processed / Preserved
"Sardine, grilled",40,64.1,180.0,22.5,9.2,2.5,0.0,1.7,107.0,220.0,86.0,220.0,36.0,1,0.9,0.18,16,0,0.07,0.07,,Fish & Seafood,Fish,Prepared / Cooked Dish
"Sardine, salted",34,56.6,218.0,23.3,13.5,5.8,0.0,0.8,1440.0,307.0,45.0,383.0,30.0,1.23,1.2,0.18,15,0,0.06,0.06,,Fish & Seafood,Fish,Processed / Preserved
Shrimp,65,77.8,88.0,19.5,0.9,1.3,0.0,0.5,125.0,205.0,57.0,152.0,40.0,1.41,2.08,0.06,15,0,0.02,0.1,,Fish & Seafood,Shellfish,Raw / Unprepared
"Shrimp, boiled",0,70.4,116.0,25,1.1,2.0,0.0,1.5,77.0,250.0,65.0,,,1.42,2.9,0.11,20,0,0.04,0.09,,Fish & Seafood,Shellfish,Prepared / Cooked Dish
Sole,42,78.5,88.0,18,1.6,1.6,0.0,0.3,85.0,210.0,15.0,158.0,38.0,0.9,1,0.05,27,0,0.11,0.18,,Fish & Seafood,Fish,Raw / Unprepared
"Sole, fried",33,50.5,262.0,21.5,15.2,3.0,0.0,9.8,229.0,225.0,16.0,,,1.1,1.5,0.12,31,0,0.06,0.1,,Fish & Seafood,Fish,Prepared / Cooked Dish
Tilapia,44,77.8,94.0,19,2,1.2,0.0,0.0,85.0,280.0,92.0,197.0,32.0,1.9,0.8,0.05,25,0,0.08,0.15,,Fish & Seafood,Fish,Raw / Unprepared
"Tilapia, fried",29,58.4,233.0,20,15,2.2,0.0,4.4,364.0,116.0,72.0,,,1.2,1,,,,,,,Fish & Seafood,Fish,Prepared / Cooked Dish
"Tilapia, grilled",25,71.1,121.0,22.5,2.6,2.0,0.0,1.9,95.0,205.0,,129.0,,1.1,0.9,0.18,25,0,0.05,0.09,,Fish & Seafood,Fish,Prepared / Cooked Dish
Tuna canned,0,54.2,267.0,24.6,18.5,2.3,0.0,0.4,450.0,285.0,10.0,189.0,31.0,2.75,0.4,0.2,28,0,0.04,0.1,,Fish & Seafood,Fish,Processed / Preserved
Butter (unsalted),0,16.7,742.0,0.7,82,0.3,0.0,0.3,10.0,25.0,15.0,23.0,2.0,0.16,0.15,0.02,727,0,,,,Dairy & Fats,Butter & Ghee,Processed / Preserved
Butter oil (ghee),0,0.3,896.0,0.2,99.5,0.0,0.0,0.0,0.0,0.0,0.0,0.0,0.0,0,0,0.0,833,0,0.0,0.0,,Dairy & Fats,Butter & Ghee,Raw / Unprepared
"Cheese, camembert ",0,50.5,301.0,20,23.9,4.1,0.0,1.5,1019.0,112.0,400.0,287.0,18.0,0.65,3.4,0.09,280,0,0.03,0.69,,Dairy & Fats,Cheese,Raw / Unprepared
"Cheese, cheddar",0,35.8,406.0,26,32.9,3.8,0.0,1.5,725.0,90.0,724.0,512.0,42.0,0.95,3,0.03,305,0,0.04,0.46,,Dairy & Fats,Cheese,Raw / Unprepared
"Cheese, gouda",0,41.0,371.0,24.5,30,3.7,0.0,0.8,646.0,160.0,765.0,570.0,,0.3,3.5,,250,0,,,,Dairy & Fats,Cheese,Raw / Unprepared
"Cheese, kareesh",0,77.5,100.0,13,3.5,1.9,0.0,4.1,130.0,95.0,300.0,161.0,23.0,0.41,2.4,0.04,12,0,0.03,0.19,,Dairy & Fats,Cheese,Raw / Unprepared
"Cheese, kareesh low fat",0,76.5,91.0,19,0.5,1.3,0.0,2.7,145.0,115.0,388.0,174.0,28.0,0.33,2,0.04,0,0,0.02,0.24,,Dairy & Fats,Cheese,Raw / Unprepared
"Cheese, kareesh (Mish)",0,72.8,93.0,14,3,7.8,0.0,2.4,4500.0,118.0,360.0,276.0,32.0,0.5,1.44,0.05,0,0,0.1,0.32,,Dairy & Fats,Cheese,Raw / Unprepared
"Cheese, mozzarella ",0,52.3,265.0,27,16.5,2.0,0.0,2.2,555.0,35.0,724.0,,,0.4,2.6,,,,,,,Dairy & Fats,Cheese,Raw / Unprepared
"Cheese, parmesan",0,29.5,399.0,35,27.5,5.1,0.0,2.9,982.0,144.0,1016.0,715.0,,0.4,3.54,0.05,356,0,0.04,0.52,,Dairy & Fats,Cheese,Raw / Unprepared
"Cheese, processed",0,46.9,324.0,19,25,3.4,0.0,5.7,1160.0,93.0,710.0,542.0,30.0,0.5,2.4,0.09,205,0,0.03,0.26,,Dairy & Fats,Cheese,Raw / Unprepared
"Cheese, speread",0,51.5,289.0,15.9,22.9,4.9,0.0,4.8,1027.0,190.0,420.0,480.0,25.0,0.3,2.1,,150,0,0.05,0.36,,Dairy & Fats,Cheese,Raw / Unprepared
"Cheese, white",0,53.4,256.0,16.3,19.8,7.3,0.0,3.2,2769.0,115.0,456.0,273.0,45.0,0.2,1.9,0.07,166,0,0.08,0.37,,Dairy & Fats,Cheese,Raw / Unprepared
"Cheese, white half cream",0,69.5,151.0,13,8.9,4.0,0.0,4.6,805.0,146.0,357.0,175.0,32.0,0.25,1.4,0.08,95,0,0.1,0.35,,Dairy & Fats,Cheese,Raw / Unprepared
"Cheese, Roquefort ",0,40.5,361.0,22.3,29,5.5,0.0,2.7,1390.0,207.0,415.0,385.0,36.0,0.8,2.34,0.09,295,0,0.05,0.4,,Dairy & Fats,Cheese,Raw / Unprepared
"Cream, whipping ",0,56.6,353.0,3,36.4,0.7,0.0,3.3,40.0,76.0,81.0,25.0,5.0,0.25,0.2,0.08,275,0,0.02,0.12,,Dairy & Fats,Cream,Raw / Unprepared
fermented milk,0,87.7,62.0,3.8,3.2,0.8,0.0,4.5,51.0,144.0,122.0,90.0,10.0,0.05,0.31,0.05,38,T,0.23,1.03,,Dairy & Fats,Milk,Raw / Unprepared
fermented skim milk,0,88.4,46.0,4.9,0.8,1.0,0.0,4.9,54.0,150.0,132.0,95.0,13.0,0.05,0.35,0.03,0,T,0.02,0.12,,Dairy & Fats,Milk,Raw / Unprepared
"Milk, buffalo ",0,82.5,102.0,4.2,7.1,0.8,0.0,5.4,52.0,142.0,180.0,86.0,17.0,0.2,0.22,0.01,22,3,0.1,0.35,,Dairy & Fats,Milk,Raw / Unprepared
"Milk, cow",0,87.8,64.0,3.3,3.7,0.8,0.0,4.4,54.0,149.0,123.0,87.0,17.0,0.05,0.3,0.02,35,0,0.04,0.19,,Dairy & Fats,Milk,Raw / Unprepared
"Milk, human",0,87.1,70.0,1.2,3.9,0.3,0.0,7.5,17.0,52.0,32.0,13.0,30.0,0.15,1.3,,97,5,0.02,0.04,,Dairy & Fats,Milk,Raw / Unprepared
"Milk, chocolate ",0,81.2,80.0,3.2,1.7,1.0,0.0,12.9,64.0,131.0,122.0,87.0,18.0,0.31,0.41,0.8,24,0,0.04,0.16,,Dairy & Fats,Milk,Prepared / Cooked Dish
"Milk, full cream",0,87.8,64.0,3.3,3.5,0.7,0.0,4.7,48.0,142.0,120.0,92.0,15.0,0.06,0.4,0.01,37,0,0.04,0.17,,Dairy & Fats,Milk,Raw / Unprepared
"Milk, fruit",0,82.0,76.0,3.2,1.7,1.1,0.0,12.0,59.0,175.0,125.0,80.0,17.0,0.04,0.41,0.04,22,2,0.07,0.19,,Dairy & Fats,Milk,Raw / Unprepared
"Milk, half cream",0,89.1,48.0,3.4,1.5,0.9,0.0,5.1,52.0,153.0,128.0,88.0,17.0,0.05,0.4,0.02,23,0,0.08,0.2,,Dairy & Fats,Milk,Raw / Unprepared
"Milk, low fat skimmed ",0,89.6,41.0,3.5,0.6,1.0,0.0,5.3,50.0,143.0,126.0,95.0,16.0,0.05,0.4,0.03,0,0,0.1,0.21,,Dairy & Fats,Milk,Raw / Unprepared
"Milk, powder, skim",0,5.0,362.0,37,1.5,6.5,0.0,50.0,462.0,1201.0,1045.0,803.0,95.0,0.45,4.3,,0,5,0.45,2.1,,Dairy & Fats,Milk,Processed / Preserved
"Milk, powder whole",0,2.7,497.0,26.7,26.2,5.7,0.0,38.7,350.0,1450.0,930.0,850.0,105.0,0.4,3.53,0.2,353,10,0.4,1.4,,Dairy & Fats,Milk,Processed / Preserved
Yoghurt ,0,87.0,64.0,3.4,3.2,0.9,0.0,5.5,62.0,180.0,168.0,101.0,16.0,0.2,0.2,0.02,30,T,0.06,0.18,,Dairy & Fats,Yoghurt,Raw / Unprepared
"Yoghurt, low fat",0,87.5,50.0,4,0.9,1.2,0.0,6.4,60.0,185.0,170.0,105.0,14.0,0.2,0.22,0.01,0,T,0.07,0.19,,Dairy & Fats,Yoghurt,Raw / Unprepared
"Yoghurt, fruits",0,82.5,68.0,3,1.2,1.2,0.9,11.2,85.0,199.0,162.0,140.0,15.0,0.25,0.7,0.07,9,3,0.08,0.23,,Dairy & Fats,Yoghurt,Raw / Unprepared
"Beer, nonalcoholic ",0,95.8,16.0,0.2,,0.2,,3.8,8.0,25.0,2.0,19.0,,0.03,,,0,0,,,,Beverages,Other Beverages,Raw / Unprepared
"Crabonated, barely drinks",0,89.4,42.0,,,0.1,,10.5,2.0,25.0,12.0,10.0,,0.03,,,0,0,,,,Beverages,Instant Powder Drinks,Raw / Unprepared
"Crabonated, soft drinks",0,89.2,42.0,,,0.2,,10.6,7.0,2.0,3.0,15.0,,,,,0,0,,,,Beverages,Carbonated Drinks,Raw / Unprepared
"Crabonated, soft drinks diet",0,99.7,1.0,,,0.1,,0.2,4.0,3.0,,,,,,,0,0,,,,Beverages,Carbonated Drinks,Raw / Unprepared
"Crabonated, tonic water",0,89.7,40.0,,,0.3,,10.0,8.0,,,,,,,,0,0,,,,Beverages,Carbonated Drinks,Raw / Unprepared
"Drink, chocolate instant",0,2.0,412.0,6.2,6,1.5,0.9,83.4,280.0,408.0,29.0,,,2.4,1.8,1.1,T,0,0.06,0.04,,Beverages,Instant Powder Drinks,Prepared / Cooked Dish
"Drink, coffee instant powder",0,2.5,360.0,20.5,0.5,8.2,,68.3,110.0,1205.0,,,,3.29,0.5,0.05,T,0,,,,Beverages,Instant Powder Drinks,Processed / Preserved
"Drink, fruit instant powder",0,0.3,392.0,1.1,,1.7,,96.9,183.0,,,,,,,,0,100,,,,Beverages,Instant Powder Drinks,Processed / Preserved
"Drink, tea instant powder",0,0.5,396.0,1,,0.6,,97.9,44.0,,,,,,,,0,0,,,,Beverages,Instant Powder Drinks,Processed / Preserved
"Juice, apples",0,87.7,48.0,0.1,0,0.2,0.0,12.0,3.0,105.0,8.0,10.0,6.0,0.4,0.03,0.4,16,4,0.02,0.03,,Beverages,Juice,Raw / Unprepared
"Juice, apples, sweetened",0,85.8,56.0,0,0,0.2,0.0,14.0,5.0,100.0,7.0,10.0,6.0,0.3,0.03,0.4,,2,0.02,0.02,,Beverages,Juice,Raw / Unprepared
"Juice, grapes, sweetened ",0,83.0,66.0,0.3,0,0.5,0.0,16.2,5.0,130.0,15.0,14.0,9.0,0.4,0.03,0.03,5,3,0.03,0.03,,Beverages,Juice,Raw / Unprepared
"Juice, grapefruit",0,89.9,39.0,0.5,0,0.3,0.1,9.2,3.0,155.0,7.0,16.0,13.0,0.3,0.4,0.02,,30,0.04,0.03,,Beverages,Juice,Raw / Unprepared
"Juice, orange",0,88.4,46.0,0.6,0.2,0.3,0.1,10.4,4.0,220.0,10.0,19.0,10.0,0.4,0.3,0.04,3,35,0.08,0.04,,Beverages,Juice,Raw / Unprepared
"Juice, orange, sweetened ",0,85.7,56.0,0.1,0,0.2,0.0,14.0,3.0,170.0,10.0,45.0,11.0,0.3,0.4,0.05,0,20,0.08,0.04,,Beverages,Juice,Raw / Unprepared
"Juice, peach",0,87.3,47.0,0.5,0.2,0.6,0.5,10.9,3.0,200.0,7.0,20.0,8.0,0.4,0.01,0.02,18,5,0.02,0.3,,Beverages,Juice,Raw / Unprepared
"Juice, pomegranate ",0,84.2,62.0,1,0,0.4,0.0,14.4,5.0,280.0,5.0,30.0,8.0,0.26,0.14,0.2,,8,0.04,0.02,,Beverages,Juice,Raw / Unprepared
"Juice, sugarcane ",0,88.5,45.0,0,0,0.2,0.0,11.3,,,,,,0.15,,,0,2,,,,Beverages,Juice,Raw / Unprepared
"Juice, tomato",0,93.0,24.0,0.2,0,0.9,0.1,5.8,250.0,203.0,9.0,20.0,13.0,0.5,0.2,,42,30,0.04,0.01,,Beverages,Juice,Raw / Unprepared
"Nectar, apricot",0,84.8,59.0,0.5,0.1,0.4,0.2,14.0,4.0,105.0,12.0,18.0,10.0,0.4,0.05,0.05,257,5,0.04,0.03,,Beverages,Nectar,Raw / Unprepared
"Nectar, fruit cocktail ",0,84.4,61.0,0.1,0.1,0.4,0.0,15.0,8.0,180.0,12.0,15.0,4.0,0.39,0.06,0.1,94,12,0.06,0.02,,Beverages,Nectar,Raw / Unprepared
"Nectar, guava",0,84.5,60.0,0.1,0,0.4,0.1,14.9,7.0,75.0,8.0,13.0,5.0,0.3,0.07,0.04,,60,,,,Beverages,Nectar,Raw / Unprepared
"Nectar, mango",0,84.1,62.0,0.2,0.1,0.4,0.1,15.1,9.0,83.0,5.0,3.0,1.0,0.21,0.04,0.06,89,15,0.01,0.01,,Beverages,Nectar,Raw / Unprepared
Cardamom,0,12.6,288.0,12,4.3,6.4,143.0,50.4,3.0,30.0,124.0,97.0,54.0,6,3.8,1.4,,,2.5,1.13,,Spices & Dry Herbs,Spices & Dry Herbs,Raw / Unprepared
Cinnamon,0,7.8,263.0,4,2,4.8,241.0,57.3,15.0,380.0,500.0,42.0,50.0,14.2,2.4,0.32,,,0.08,0.35,,Spices & Dry Herbs,Spices & Dry Herbs,Raw / Unprepared
Clove,0,8.0,348.0,6.5,8.3,7.0,8.5,61.7,300.0,1200.0,690.0,80.0,250.0,5.4,3.5,0.4,,,0.14,0.26,,Spices & Dry Herbs,Spices & Dry Herbs,Raw / Unprepared
Coriander,0,10.6,284.0,13.6,15.7,4.6,33.5,22.0,35.0,1020.0,380.0,408.0,85.0,18.2,8.7,1.2,,,0.18,0.27,,Spices & Dry Herbs,Spices & Dry Herbs,Raw / Unprepared
Cumin,0,20.4,327.0,18,13.3,7.5,7.0,33.8,145.0,2150.0,1025.0,480.0,410.0,37,5,1.1,,,,,,Spices & Dry Herbs,Spices & Dry Herbs,Raw / Unprepared
Ginger,0,9.7,338.0,9,3.4,7.0,3.0,67.9,30.0,1200.0,120.0,240.0,165.0,10.7,5.1,0.4,,,0.11,0.2,,Spices & Dry Herbs,Spices & Dry Herbs,Raw / Unprepared
Nutmeg,0,9.8,511.0,7.5,34.7,2.8,3.0,42.2,17.0,400.0,210.0,185.0,172.0,2.1,1.7,1.1,,,,,,Spices & Dry Herbs,Spices & Dry Herbs,Raw / Unprepared
"Pepper, black",0,10.5,343.0,14.7,4.6,4.5,5.1,60.6,20.0,1400.0,360.0,185.0,155.0,12.5,1.4,1.2,,,0.05,0.02,,Spices & Dry Herbs,Spices & Dry Herbs,Raw / Unprepared
"Pepper, red",0,11.8,291.0,15.6,7.7,7.0,18.1,39.8,215.0,1150.0,140.0,230.0,145.0,8.7,3.4,0.5,,,0.2,0.81,,Spices & Dry Herbs,Spices & Dry Herbs,Raw / Unprepared
Thyme,0,11.6,287.0,12.2,2.9,8.4,11.8,53.1,75.0,1000.0,210.0,180.0,295.0,41,5.8,0.7,,,1.8,0.9,,Spices & Dry Herbs,Spices & Dry Herbs,Raw / Unprepared
Backing powder,0,2.1,144.0,0.9,,62.0,,35.0,10953.0,170.0,,5404.0,,,,,,,,,,"Condiments, Baking Aids & Misc","Condiments, Baking Aids & Misc",Processed / Preserved
Chicken stock,0,2.0,305.0,7.5,25,53.0,0.0,12.5,6073.0,1113.0,3237.0,,,4.2,1.56,,,0,,,,"Condiments, Baking Aids & Misc","Condiments, Baking Aids & Misc",Raw / Unprepared
Coca powder,0,4.5,438.0,17,18.9,5.0,4.6,50.0,953.0,1420.0,130.0,650.0,,8.5,6.6,,,T,,,,"Condiments, Baking Aids & Misc","Condiments, Baking Aids & Misc",Processed / Preserved
Dom powder,0,4.9,312.0,3.6,1.4,6.3,12.5,71.3,119.0,,,,,6.98,,,,,,,,"Condiments, Baking Aids & Misc","Condiments, Baking Aids & Misc",Processed / Preserved
Gelatin ,0,12.4,345.0,86,0.1,1.5,,,,,,,,,,,,,,,,"Condiments, Baking Aids & Misc","Condiments, Baking Aids & Misc",Raw / Unprepared
Kishk,0,3.4,380.0,21.6,7.2,6.1,4.5,57.2,,,,,,,,,,,,,,"Condiments, Baking Aids & Misc","Condiments, Baking Aids & Misc",Raw / Unprepared
Mayonnaise ,0,14.7,722.0,1.3,77.4,1.5,0.0,5.1,650.0,45.0,20.0,52.0,,0.5,0.4,,80,T,0.05,0.1,,"Condiments, Baking Aids & Misc","Condiments, Baking Aids & Misc",Raw / Unprepared
Oil (vegetable) ,0,0.1,899.0,,99.9,,,,,,,,,,,,,,,,,"Condiments, Baking Aids & Misc","Condiments, Baking Aids & Misc",Raw / Unprepared
Salad dressing ,0,41.0,370.0,2.9,29.1,2.3,0.0,21.2,520.0,18.0,27.0,,18.0,9.25,,,,,,,,"Condiments, Baking Aids & Misc","Condiments, Baking Aids & Misc",Raw / Unprepared
"Salt, table/cooking",0,5.0,,,,,,,38900.0,,29.0,,,,,,,,,,,"Condiments, Baking Aids & Misc","Condiments, Baking Aids & Misc",Raw / Unprepared
"Salt, sodium reduced",0,5.0,,,,,,,18000.0,15500.0,,,,,,,,,,,,"Condiments, Baking Aids & Misc","Condiments, Baking Aids & Misc",Raw / Unprepared
Tamarind ,50,22.5,292.0,3.1,0.4,2.1,3.0,68.9,,,5.0,,,1,,,1,,,,,"Condiments, Baking Aids & Misc","Condiments, Baking Aids & Misc",Raw / Unprepared
"Yeast, compressed ",0,77.0,105.0,13,0.5,2.4,0.0,12.1,15.0,624.0,10.0,387.0,50.0,4.8,2.7,1.79,1,,,,,"Condiments, Baking Aids & Misc","Condiments, Baking Aids & Misc",Raw / Unprepared
"Yeast, dried",0,4.5,357.0,37,1.5,8.2,0.0,48.8,85.0,1709.0,65.0,1595.0,200.0,16.3,8.2,3.29,1,,,,,"Condiments, Baking Aids & Misc","Condiments, Baking Aids & Misc",Processed / Preserved
